id_dictado,id_curso,id_docente,id_programa,anio_academico,periodo,turno,aula,cupo_maximo
1,1,32,1,2023,C1,Tarde,B02,45
2,1,6,1,2023,C2,Noche,A09,40
3,1,32,1,2024,C1,Mañana,D09,80
4,1,2,1,2024,C2,Noche,D04,35
5,2,37,1,2023,C1,Noche,B16,30
6,2,21,1,2023,C2,Tarde,D08,45
7,2,26,1,2024,C1,Noche,A20,35
8,2,31,1,2024,C2,Noche,C09,40
9,3,13,1,2023,C1,Mañana,B18,30
10,3,20,1,2023,C2,Noche,B11,30
11,3,33,1,2024,C1,Noche,B18,40
12,3,32,1,2024,C2,Mañana,B16,45
13,4,5,1,2023,C1,Tarde,L04,40
14,4,20,1,2023,C2,Noche,D09,30
15,4,3,1,2024,C1,Noche,C10,35
16,4,22,1,2024,C2,Tarde,B04,50
17,6,13,1,2023,C1,Noche,D07,40
18,6,10,1,2023,C2,Noche,L19,40
19,6,18,1,2024,C1,Noche,L07,35
20,6,2,1,2024,C2,Noche,C10,50
21,7,35,1,2023,C1,Mañana,C13,35
22,7,6,1,2023,C2,Noche,C19,80
23,7,25,1,2024,C1,Noche,D08,50
24,7,33,1,2024,C2,Tarde,L02,35
25,8,28,1,2023,C1,Mañana,D02,30
26,8,15,1,2023,C2,Noche,C01,30
27,8,5,1,2024,C1,Tarde,A04,80
28,8,40,1,2024,C2,Mañana,A07,60
29,11,28,1,2023,C2,Tarde,C14,45
30,11,30,1,2024,C2,Noche,A01,50
31,33,1,1,2023,C1,Noche,D15,80
32,33,15,1,2023,C2,Noche,B20,40
33,33,23,1,2024,C1,Tarde,A05,60
34,33,40,1,2024,C2,Noche,A06,60
35,34,3,1,2023,C1,Tarde,L10,50
36,34,16,1,2023,C2,Noche,D15,40
37,34,25,1,2024,C1,Noche,A19,80
38,34,36,1,2024,C2,Noche,L17,35
39,35,36,1,2023,C2,Noche,B03,50
40,35,34,1,2024,C1,Noche,B19,80
41,35,7,1,2024,C2,Tarde,L05,60
42,36,31,1,2023,C1,Tarde,L06,45
43,36,4,1,2024,C1,Tarde,L15,35
44,1,4,2,2023,C1,Noche,B16,45
45,1,32,2,2023,C2,Mañana,C11,80
46,1,16,2,2024,C1,Noche,D02,35
47,1,17,2,2024,C2,Noche,A17,30
48,2,38,2,2023,C1,Mañana,L06,35
49,2,38,2,2023,C2,Mañana,D04,50
50,2,27,2,2024,C1,Noche,L13,80
51,2,26,2,2024,C2,Noche,D04,80
52,3,38,2,2023,C1,Noche,C20,80
53,3,14,2,2023,C2,Mañana,A17,50
54,3,28,2,2024,C1,Mañana,B20,30
55,3,28,2,2024,C2,Mañana,A07,40
56,6,22,2,2023,C1,Tarde,L04,50
57,6,22,2,2023,C2,Noche,C07,45
58,6,1,2,2024,C1,Tarde,D16,45
59,6,27,2,2024,C2,Noche,L04,40
60,7,23,2,2023,C1,Noche,B07,45
61,7,37,2,2023,C2,Mañana,L07,45
62,7,31,2,2024,C1,Noche,A18,30
63,7,37,2,2024,C2,Noche,A05,35
64,11,8,2,2023,C1,Tarde,L11,50
65,11,21,2,2024,C1,Tarde,L01,30
66,11,12,2,2024,C2,Noche,C07,30
67,15,35,2,2023,C1,Mañana,A14,35
68,15,20,2,2024,C2,Tarde,L06,45
69,29,17,2,2023,C1,Noche,C20,40
70,29,39,2,2023,C2,Tarde,A15,80
71,29,22,2,2024,C1,Mañana,D11,30
72,29,3,2,2024,C2,Noche,C10,35
73,1,26,3,2023,C1,Noche,L10,45
74,1,39,3,2023,C2,Noche,A17,30
75,1,18,3,2024,C1,Noche,L16,45
76,1,10,3,2024,C2,Noche,L14,60
77,2,7,3,2023,C1,Tarde,B07,60
78,2,22,3,2023,C2,Mañana,B18,60
79,2,2,3,2024,C1,Noche,A12,60
80,2,23,3,2024,C2,Mañana,A04,40
81,3,22,3,2023,C1,Tarde,L09,50
82,3,23,3,2023,C2,Noche,L08,30
83,3,23,3,2024,C1,Noche,B07,30
84,3,7,3,2024,C2,Noche,C02,80
85,6,38,3,2023,C1,Noche,L19,35
86,6,12,3,2023,C2,Mañana,D11,40
87,6,2,3,2024,C1,Mañana,D04,40
88,6,18,3,2024,C2,Noche,L08,30
89,7,19,3,2023,C1,Noche,A04,45
90,7,35,3,2023,C2,Mañana,A05,80
91,7,37,3,2024,C1,Mañana,L12,45
92,7,32,3,2024,C2,Mañana,B03,40
93,11,5,3,2023,C2,Noche,L10,80
94,11,1,3,2024,C2,Tarde,L04,80
95,29,40,3,2023,C1,Tarde,A06,30
96,29,16,3,2023,C2,Noche,B19,35
97,29,35,3,2024,C1,Mañana,L07,35
98,29,35,3,2024,C2,Tarde,A14,45
99,30,14,3,2023,C1,Noche,A13,40
100,30,4,3,2023,C2,Noche,A14,35
101,30,33,3,2024,C1,Noche,L14,50
102,30,13,3,2024,C2,Tarde,B08,40
103,31,20,3,2023,C1,Tarde,C18,40
104,31,26,3,2024,C1,Tarde,L19,30
105,31,36,3,2024,C2,Noche,B18,80
106,32,8,3,2023,C1,Noche,B19,50
107,32,24,3,2023,C2,Tarde,B17,60
108,32,40,3,2024,C2,Mañana,D17,60
109,1,5,4,2023,C1,Mañana,L19,30
110,1,1,4,2023,C2,Noche,B07,40
111,1,5,4,2024,C1,Noche,A04,80
112,1,25,4,2024,C2,Noche,C13,45
113,2,21,4,2023,C1,Tarde,B08,30
114,2,13,4,2023,C2,Noche,C17,60
115,2,35,4,2024,C1,Noche,C04,30
116,2,8,4,2024,C2,Noche,A14,35
117,3,9,4,2023,C1,Noche,L01,45
118,3,32,4,2023,C2,Mañana,D16,30
119,3,25,4,2024,C1,Tarde,C04,35
120,3,27,4,2024,C2,Noche,A06,30
121,6,4,4,2023,C1,Noche,L10,35
122,6,29,4,2023,C2,Noche,A19,60
123,6,36,4,2024,C1,Noche,L08,45
124,6,1,4,2024,C2,Mañana,C06,80
125,7,13,4,2023,C1,Tarde,C03,80
126,7,23,4,2023,C2,Noche,B18,35
127,7,18,4,2024,C1,Noche,C05,35
128,7,8,4,2024,C2,Noche,B19,30
129,11,40,4,2023,C1,Noche,D16,35
130,11,12,4,2024,C2,Noche,A12,30
131,26,35,4,2023,C1,Tarde,A20,45
132,26,14,4,2023,C2,Noche,D19,40
133,26,31,4,2024,C1,Noche,A13,40
134,26,28,4,2024,C2,Noche,D06,40
135,27,22,4,2023,C1,Tarde,A18,50
136,27,22,4,2023,C2,Noche,D13,35
137,27,37,4,2024,C1,Noche,L03,30
138,27,22,4,2024,C2,Noche,L17,40
139,28,1,4,2023,C1,Noche,C08,50
140,28,12,4,2024,C1,Mañana,L04,50
141,1,14,5,2023,C1,Noche,B16,30
142,1,18,5,2023,C2,Noche,D13,45
143,1,17,5,2024,C1,Mañana,C12,60
144,1,29,5,2024,C2,Noche,C15,50
145,2,23,5,2023,C1,Noche,C14,45
146,2,25,5,2023,C2,Tarde,L15,40
147,2,38,5,2024,C1,Mañana,D17,80
148,2,37,5,2024,C2,Tarde,B02,60
149,3,31,5,2023,C1,Noche,B08,40
150,3,26,5,2023,C2,Tarde,D13,30
151,3,37,5,2024,C1,Noche,A13,45
152,3,35,5,2024,C2,Noche,C13,35
153,4,25,5,2023,C1,Noche,B01,45
154,4,38,5,2023,C2,Noche,L08,50
155,4,14,5,2024,C1,Noche,L11,45
156,4,33,5,2024,C2,Noche,L20,30
157,6,1,5,2023,C1,Noche,C15,40
158,6,40,5,2023,C2,Noche,C08,80
159,6,29,5,2024,C1,Noche,C14,40
160,6,29,5,2024,C2,Mañana,C15,35
161,7,10,5,2023,C1,Tarde,B18,45
162,7,25,5,2023,C2,Noche,L03,45
163,7,21,5,2024,C1,Noche,L19,35
164,7,28,5,2024,C2,Noche,L15,60
165,11,20,5,2023,C1,Tarde,L10,35
166,11,5,5,2024,C1,Noche,L04,40
167,40,19,5,2023,C1,Noche,B06,80
168,40,34,5,2023,C2,Tarde,C17,80
169,40,24,5,2024,C1,Tarde,L20,80
170,40,24,5,2024,C2,Noche,A19,50
171,41,4,5,2023,C1,Mañana,B09,40
172,41,33,5,2024,C1,Noche,L16,80
173,42,9,5,2023,C1,Noche,L01,35
174,42,40,5,2023,C2,Tarde,C03,35
175,42,8,5,2024,C1,Noche,L04,45
176,42,34,5,2024,C2,Noche,D02,35
177,1,20,6,2023,C1,Noche,L03,35
178,1,23,6,2023,C2,Noche,D13,35
179,1,25,6,2024,C1,Noche,L19,30
180,1,22,6,2024,C2,Noche,A19,40
181,2,31,6,2023,C1,Noche,A07,30
182,2,27,6,2023,C2,Mañana,B16,60
183,2,15,6,2024,C1,Noche,L13,50
184,2,3,6,2024,C2,Noche,A04,60
185,3,39,6,2023,C1,Noche,B10,60
186,3,23,6,2023,C2,Noche,D08,50
187,3,27,6,2024,C1,Tarde,B13,50
188,3,27,6,2024,C2,Tarde,A15,40
189,4,16,6,2023,C1,Noche,L14,80
190,4,16,6,2023,C2,Noche,C06,45
191,4,30,6,2024,C1,Noche,L03,45
192,4,21,6,2024,C2,Mañana,B15,40
193,5,2,6,2023,C1,Noche,C12,45
194,5,36,6,2023,C2,Tarde,D08,30
195,5,22,6,2024,C1,Noche,D03,30
196,5,7,6,2024,C2,Tarde,A05,35
197,6,37,6,2023,C1,Noche,A08,40
198,6,11,6,2023,C2,Noche,B06,40
199,6,5,6,2024,C1,Noche,A15,30
200,6,1,6,2024,C2,Mañana,A02,45
201,7,20,6,2023,C1,Noche,C09,45
202,7,20,6,2023,C2,Tarde,A16,60
203,7,12,6,2024,C1,Noche,L08,50
204,7,20,6,2024,C2,Mañana,L18,60
205,8,11,6,2023,C1,Noche,B01,30
206,8,23,6,2023,C2,Noche,A05,40
207,8,14,6,2024,C1,Noche,B02,35
208,8,19,6,2024,C2,Noche,B15,40
209,9,10,6,2023,C1,Mañana,L11,80
210,9,23,6,2023,C2,Tarde,A05,40
211,9,11,6,2024,C1,Tarde,A02,50
212,9,5,6,2024,C2,Tarde,B11,45
213,10,7,6,2023,C1,Noche,B11,40
214,10,9,6,2023,C2,Mañana,A06,80
215,10,8,6,2024,C1,Mañana,A10,80
216,10,4,6,2024,C2,Noche,A02,50
217,11,10,6,2023,C1,Mañana,D09,50
218,11,19,6,2024,C2,Noche,A16,40
219,12,17,6,2023,C2,Noche,L10,45
220,12,23,6,2024,C1,Noche,B10,40
221,13,11,6,2023,C1,Tarde,D02,30
222,13,15,6,2024,C1,Noche,A11,30
223,14,9,6,2023,C2,Noche,D06,50
224,14,30,6,2024,C1,Tarde,B06,45
225,16,22,6,2023,C1,Noche,A13,50
226,16,33,6,2023,C2,Noche,D18,45
227,16,3,6,2024,C1,Noche,L13,40
228,16,3,6,2024,C2,Noche,D09,50
229,17,22,6,2023,C1,Noche,L15,45
230,17,19,6,2024,C2,Tarde,L17,35
231,18,33,6,2023,C1,Mañana,D01,30
232,18,6,6,2024,C1,Noche,L07,80
233,18,2,6,2024,C2,Noche,C07,60
234,19,27,6,2023,C1,Noche,A02,80
235,19,5,6,2024,C1,Noche,D20,80
236,20,33,6,2023,C1,Noche,L13,50
237,20,1,6,2024,C1,Tarde,L02,40
238,21,9,6,2023,C2,Noche,C13,50
239,21,39,6,2024,C2,Tarde,A08,30
240,22,28,6,2023,C2,Noche,D19,80
241,22,33,6,2024,C1,Noche,A13,60
242,44,23,6,2023,C2,Noche,B18,45
243,44,34,6,2024,C1,Noche,B01,50
244,45,3,6,2023,C2,Noche,A06,40
245,45,24,6,2024,C1,Noche,L03,50
246,1,13,7,2023,C1,Noche,B12,50
247,1,5,7,2023,C2,Noche,B14,40
248,1,29,7,2024,C1,Noche,B11,50
249,1,21,7,2024,C2,Noche,D17,80
250,2,14,7,2023,C1,Tarde,A01,45
251,2,27,7,2023,C2,Tarde,D07,35
252,2,10,7,2024,C1,Noche,B02,60
253,2,13,7,2024,C2,Noche,C20,35
254,3,23,7,2023,C1,Tarde,A19,45
255,3,4,7,2023,C2,Noche,C13,60
256,3,3,7,2024,C1,Mañana,A13,30
257,3,29,7,2024,C2,Tarde,C11,50
258,4,6,7,2023,C1,Noche,C19,30
259,4,40,7,2023,C2,Tarde,C16,60
260,4,7,7,2024,C1,Noche,A11,35
261,4,28,7,2024,C2,Noche,C10,30
262,6,33,7,2023,C1,Noche,L08,45
263,6,6,7,2023,C2,Noche,L07,45
264,6,20,7,2024,C1,Noche,D13,30
265,6,35,7,2024,C2,Tarde,C20,45
266,7,30,7,2023,C1,Noche,L10,45
267,7,11,7,2023,C2,Noche,L13,45
268,7,32,7,2024,C1,Noche,A18,80
269,7,1,7,2024,C2,Mañana,B18,30
270,11,7,7,2023,C1,Noche,A17,50
271,11,6,7,2024,C1,Noche,C11,35
272,11,6,7,2024,C2,Mañana,C06,60
273,19,4,7,2023,C2,Noche,L13,50
274,19,33,7,2024,C1,Noche,C10,40
275,23,29,7,2023,C1,Noche,B09,50
276,23,5,7,2023,C2,Noche,L06,35
277,23,31,7,2024,C1,Noche,D03,50
278,23,36,7,2024,C2,Tarde,L07,60
279,24,20,7,2023,C1,Noche,A15,80
280,24,27,7,2023,C2,Noche,B20,30
281,24,1,7,2024,C1,Noche,L05,35
282,24,32,7,2024,C2,Mañana,A10,40
283,25,5,7,2023,C1,Noche,L17,80
284,25,6,7,2023,C2,Tarde,A07,30
285,25,26,7,2024,C1,Mañana,D16,40
286,25,40,7,2024,C2,Mañana,A20,35
287,37,28,7,2023,C1,Mañana,B14,45
288,37,34,7,2023,C2,Tarde,B06,30
289,37,17,7,2024,C2,Noche,B17,80
290,38,27,7,2023,C2,Noche,C01,50
291,38,19,7,2024,C1,Noche,A14,30
292,39,11,7,2023,C1,Noche,L06,60
293,39,15,7,2024,C1,Tarde,L09,35
294,39,19,7,2024,C2,Noche,B09,80
295,1,17,8,2023,C1,Noche,L13,50
296,1,40,8,2023,C2,Tarde,B02,40
297,1,3,8,2024,C1,Noche,A13,80
298,1,22,8,2024,C2,Noche,D10,35
299,2,24,8,2023,C1,Noche,L07,50
300,2,36,8,2023,C2,Tarde,A05,35
301,2,18,8,2024,C1,Tarde,C14,50
302,2,15,8,2024,C2,Noche,A09,60
303,3,29,8,2023,C1,Mañana,C17,80
304,3,36,8,2023,C2,Noche,A08,45
305,3,29,8,2024,C1,Noche,B05,50
306,3,21,8,2024,C2,Tarde,C01,35
307,4,35,8,2023,C1,Mañana,L13,40
308,4,40,8,2023,C2,Noche,B18,35
309,4,22,8,2024,C1,Tarde,D19,30
310,4,24,8,2024,C2,Noche,C07,30
311,6,29,8,2023,C1,Noche,C02,80
312,6,20,8,2023,C2,Noche,A18,50
313,6,12,8,2024,C1,Mañana,A05,50
314,6,4,8,2024,C2,Tarde,C19,80
315,7,7,8,2023,C1,Noche,L04,60
316,7,3,8,2023,C2,Noche,D07,50
317,7,6,8,2024,C1,Noche,C15,30
318,7,17,8,2024,C2,Noche,L15,80
319,11,4,8,2023,C2,Noche,A11,45
320,11,1,8,2024,C2,Noche,C10,40
321,29,22,8,2023,C1,Tarde,C15,45
322,29,31,8,2023,C2,Noche,C09,80
323,29,16,8,2024,C1,Noche,C18,80
324,29,6,8,2024,C2,Noche,L05,50
325,1,4,9,2023,C1,Noche,L12,40
326,1,5,9,2023,C2,Noche,D19,50
327,1,12,9,2024,C1,Tarde,C01,40
328,1,6,9,2024,C2,Noche,C18,35
329,2,40,9,2023,C1,Noche,D01,45
330,2,18,9,2023,C2,Noche,A08,35
331,2,38,9,2024,C1,Mañana,D09,30
332,2,32,9,2024,C2,Mañana,B03,50
333,3,2,9,2023,C1,Noche,L03,45
334,3,17,9,2023,C2,Noche,C07,50
335,3,8,9,2024,C1,Noche,L13,35
336,3,33,9,2024,C2,Noche,C11,30
337,4,20,9,2023,C1,Noche,A06,60
338,4,20,9,2023,C2,Noche,C15,80
339,4,4,9,2024,C1,Noche,L15,60
340,4,12,9,2024,C2,Noche,D01,35
341,6,28,9,2023,C1,Noche,D19,30
342,6,16,9,2023,C2,Tarde,L15,35
343,6,40,9,2024,C1,Noche,L15,80
344,6,6,9,2024,C2,Noche,B20,50
345,7,3,9,2023,C1,Tarde,C07,40
346,7,26,9,2023,C2,Tarde,L03,50
347,7,33,9,2024,C1,Noche,L04,35
348,7,34,9,2024,C2,Tarde,A16,35
349,11,26,9,2023,C1,Tarde,L11,50
350,11,40,9,2024,C1,Tarde,B02,60
351,1,17,10,2023,C1,Noche,B04,35
352,1,33,10,2023,C2,Tarde,A13,80
353,1,36,10,2024,C1,Noche,L06,30
354,1,31,10,2024,C2,Mañana,L19,35
355,2,19,10,2023,C1,Mañana,B11,30
356,2,13,10,2023,C2,Noche,C18,35
357,2,22,10,2024,C1,Tarde,C13,45
358,2,10,10,2024,C2,Noche,L10,80
359,3,3,10,2023,C1,Noche,C14,35
360,3,20,10,2023,C2,Mañana,L11,40
361,3,31,10,2024,C1,Noche,L17,50
362,3,40,10,2024,C2,Noche,A14,45
363,4,27,10,2023,C1,Noche,B11,60
364,4,38,10,2023,C2,Noche,D04,30
365,4,5,10,2024,C1,Tarde,C02,45
366,4,40,10,2024,C2,Noche,B04,40
367,6,25,10,2023,C1,Noche,B15,30
368,6,22,10,2023,C2,Mañana,B14,35
369,6,10,10,2024,C1,Noche,C03,80
370,6,31,10,2024,C2,Noche,A12,30
371,11,31,10,2023,C1,Tarde,B05,30
372,11,30,10,2024,C2,Tarde,B02,80
373,1,5,11,2023,C1,Noche,D17,80
374,1,30,11,2023,C2,Noche,B10,35
375,1,3,11,2024,C1,Noche,A09,80
376,1,29,11,2024,C2,Noche,B13,60
377,2,5,11,2023,C1,Tarde,A17,35
378,2,36,11,2023,C2,Mañana,C04,30
379,2,16,11,2024,C1,Noche,B20,45
380,2,2,11,2024,C2,Noche,L11,50
381,3,4,11,2023,C1,Noche,A10,35
382,3,28,11,2023,C2,Noche,B15,60
383,3,36,11,2024,C1,Tarde,L12,80
384,3,26,11,2024,C2,Tarde,D05,45
385,4,19,11,2023,C1,Noche,D08,80
386,4,29,11,2023,C2,Noche,D12,45
387,4,25,11,2024,C1,Tarde,B20,30
388,4,17,11,2024,C2,Noche,A16,40
389,6,20,11,2023,C1,Noche,D15,35
390,6,1,11,2023,C2,Tarde,L11,45
391,6,6,11,2024,C1,Noche,A16,40
392,6,40,11,2024,C2,Noche,L07,45
393,11,24,11,2023,C2,Noche,L15,35
394,11,38,11,2024,C2,Noche,L02,60
395,15,37,11,2023,C2,Mañana,D18,35
396,15,37,11,2024,C2,Noche,B10,45
397,1,30,12,2023,C1,Noche,L18,50
398,1,38,12,2023,C2,Mañana,D03,45
399,1,2,12,2024,C1,Noche,D04,60
400,1,38,12,2024,C2,Tarde,B03,35
401,2,15,12,2023,C1,Mañana,L10,60
402,2,14,12,2023,C2,Tarde,D06,40
403,2,8,12,2024,C1,Noche,B07,30
404,2,26,12,2024,C2,Noche,B05,80
405,3,36,12,2023,C1,Noche,B04,35
406,3,22,12,2023,C2,Noche,D03,35
407,3,20,12,2024,C1,Noche,B20,80
408,3,3,12,2024,C2,Noche,A07,80
409,4,9,12,2023,C1,Tarde,A16,30
410,4,13,12,2023,C2,Tarde,A06,60
411,4,10,12,2024,C1,Tarde,D02,40
412,4,10,12,2024,C2,Tarde,L08,45
413,5,20,12,2023,C1,Noche,C13,60
414,5,5,12,2023,C2,Mañana,C07,35
415,5,15,12,2024,C1,Noche,C14,50
416,5,15,12,2024,C2,Noche,D17,40
417,6,22,12,2023,C1,Tarde,C06,60
418,6,24,12,2023,C2,Noche,B04,30
419,6,13,12,2024,C1,Noche,L16,35
420,6,21,12,2024,C2,Noche,L06,45
421,8,33,12,2023,C1,Noche,C09,60
422,8,27,12,2023,C2,Tarde,L03,30
423,8,13,12,2024,C1,Noche,A19,30
424,8,28,12,2024,C2,Tarde,D01,30
425,9,28,12,2023,C1,Noche,C17,40
426,9,33,12,2023,C2,Tarde,D05,60
427,9,5,12,2024,C1,Noche,A13,80
428,9,3,12,2024,C2,Mañana,B17,50
429,10,37,12,2023,C1,Tarde,D09,45
430,10,19,12,2023,C2,Noche,A01,45
431,10,26,12,2024,C1,Tarde,L18,60
432,10,4,12,2024,C2,Tarde,B05,30
433,11,34,12,2023,C1,Noche,D17,30
434,11,28,12,2024,C2,Noche,C19,45
435,12,34,12,2023,C1,Noche,A19,80
436,12,7,12,2024,C2,Tarde,D11,40
437,13,34,12,2023,C2,Tarde,A20,40
438,13,9,12,2024,C2,Noche,C01,60
439,14,15,12,2023,C2,Noche,B14,60
440,14,21,12,2024,C1,Mañana,C03,60
441,16,22,12,2023,C2,Tarde,A06,50
442,16,11,12,2024,C1,Tarde,D05,35
443,16,8,12,2024,C2,Noche,D12,45
444,17,24,12,2023,C1,Tarde,L09,40
445,17,11,12,2024,C1,Tarde,L11,35
446,18,26,12,2023,C1,Noche,A19,45
447,18,27,12,2023,C2,Noche,A03,30
448,18,16,12,2024,C1,Noche,C16,30
449,19,12,12,2023,C1,Noche,A08,45
450,19,39,12,2023,C2,Mañana,L03,80
451,19,28,12,2024,C2,Mañana,C20,40
452,20,13,12,2023,C2,Noche,L04,80
453,20,27,12,2024,C1,Mañana,L10,35
454,20,17,12,2024,C2,Tarde,B20,35
455,21,36,12,2023,C1,Tarde,B06,30
456,21,6,12,2024,C2,Noche,B07,40
457,22,9,12,2023,C1,Noche,C14,35
458,22,33,12,2024,C1,Noche,L19,45
459,44,30,12,2023,C2,Noche,A08,80
460,44,25,12,2024,C2,Noche,C14,40
461,45,4,12,2023,C1,Tarde,B13,40
462,45,2,12,2024,C1,Noche,B14,60
463,1,9,13,2023,C1,Noche,D20,35
464,1,21,13,2023,C2,Mañana,D18,50
465,1,25,13,2024,C1,Mañana,A14,35
466,1,25,13,2024,C2,Noche,L04,50
467,2,1,13,2023,C1,Noche,A11,30
468,2,13,13,2023,C2,Tarde,A01,35
469,2,25,13,2024,C1,Tarde,C01,35
470,2,19,13,2024,C2,Noche,A14,50
471,3,32,13,2023,C1,Noche,D08,40
472,3,31,13,2023,C2,Tarde,C16,80
473,3,20,13,2024,C1,Mañana,B03,45
474,3,25,13,2024,C2,Tarde,L02,50
475,4,9,13,2023,C1,Noche,C16,30
476,4,28,13,2023,C2,Noche,B17,45
477,4,9,13,2024,C1,Tarde,D13,80
478,4,7,13,2024,C2,Mañana,C18,40
479,6,11,13,2023,C1,Tarde,A12,50
480,6,21,13,2023,C2,Noche,C04,60
481,6,35,13,2024,C1,Noche,D03,30
482,6,23,13,2024,C2,Tarde,B10,80
483,7,29,13,2023,C1,Noche,C13,80
484,7,33,13,2023,C2,Tarde,D17,30
485,7,12,13,2024,C1,Noche,A11,80
486,7,26,13,2024,C2,Noche,D15,45
487,11,13,13,2023,C1,Noche,A07,30
488,11,31,13,2023,C2,Tarde,L17,40
489,11,37,13,2024,C1,Noche,A12,60
490,11,29,13,2024,C2,Noche,L20,40
491,19,9,13,2023,C1,Tarde,L14,60
492,19,2,13,2024,C1,Noche,A12,50
493,23,18,13,2023,C1,Noche,D07,30
494,23,28,13,2023,C2,Noche,C10,50
495,23,6,13,2024,C1,Noche,A10,45
496,23,33,13,2024,C2,Noche,A12,40
497,24,16,13,2023,C1,Noche,L05,80
498,24,15,13,2023,C2,Noche,L02,60
499,24,12,13,2024,C1,Tarde,D17,45
500,24,38,13,2024,C2,Tarde,L04,60
501,25,10,13,2023,C2,Mañana,A01,50
502,25,31,13,2024,C2,Tarde,C17,50
503,37,17,13,2023,C1,Mañana,C09,35
504,37,23,13,2024,C2,Noche,A18,60
505,38,17,13,2023,C2,Tarde,B17,45
506,38,26,13,2024,C1,Tarde,C19,30
507,39,26,13,2023,C2,Noche,A12,30
508,39,20,13,2024,C2,Noche,L11,60
509,1,1,14,2023,C1,Noche,L12,35
510,1,17,14,2023,C2,Noche,C11,45
511,1,20,14,2024,C1,Tarde,A20,80
512,1,26,14,2024,C2,Noche,A05,40
513,2,30,14,2023,C1,Tarde,A17,45
514,2,23,14,2023,C2,Mañana,A01,80
515,2,34,14,2024,C1,Noche,B18,35
516,2,14,14,2024,C2,Noche,B18,40
517,3,18,14,2023,C1,Noche,A12,60
518,3,17,14,2023,C2,Noche,B16,80
519,3,28,14,2024,C1,Noche,C07,45
520,3,5,14,2024,C2,Mañana,C04,30
521,4,7,14,2023,C1,Noche,C02,45
522,4,40,14,2023,C2,Tarde,A01,60
523,4,21,14,2024,C1,Tarde,D02,30
524,4,2,14,2024,C2,Noche,A10,40
525,6,1,14,2023,C1,Tarde,A03,80
526,6,3,14,2023,C2,Noche,L20,40
527,6,21,14,2024,C1,Noche,B04,80
528,6,30,14,2024,C2,Noche,L17,60
529,11,34,14,2023,C1,Mañana,C10,80
530,11,11,14,2023,C2,Tarde,L01,30
531,11,18,14,2024,C2,Tarde,D04,50
532,26,19,14,2023,C1,Noche,D18,45
533,26,14,14,2023,C2,Mañana,C07,60
534,26,12,14,2024,C1,Noche,L01,60
535,26,2,14,2024,C2,Tarde,L04,80
536,27,33,14,2023,C1,Noche,L03,50
537,27,39,14,2023,C2,Noche,A01,40
538,27,1,14,2024,C1,Noche,C12,35
539,27,1,14,2024,C2,Mañana,D05,30
540,28,25,14,2023,C2,Noche,L09,45
541,28,17,14,2024,C2,Mañana,B02,50
542,1,14,15,2023,C1,Mañana,C16,80
543,1,27,15,2023,C2,Tarde,D06,40
544,1,10,15,2024,C1,Mañana,A05,80
545,1,30,15,2024,C2,Noche,B07,50
546,2,7,15,2023,C1,Tarde,B01,80
547,2,23,15,2023,C2,Tarde,A18,45
548,2,38,15,2024,C1,Noche,D13,80
549,2,6,15,2024,C2,Noche,L13,60
550,3,38,15,2023,C1,Tarde,B03,45
551,3,35,15,2023,C2,Tarde,C17,50
552,3,13,15,2024,C1,Noche,A11,80
553,3,32,15,2024,C2,Noche,A18,40
554,4,25,15,2023,C1,Noche,C11,45
555,4,30,15,2023,C2,Mañana,A20,45
556,4,34,15,2024,C1,Noche,C08,40
557,4,6,15,2024,C2,Noche,B15,30
558,6,34,15,2023,C1,Tarde,D02,40
559,6,29,15,2023,C2,Noche,A19,40
560,6,39,15,2024,C1,Mañana,C01,40
561,6,25,15,2024,C2,Noche,C07,30
562,7,18,15,2023,C1,Tarde,A09,35
563,7,1,15,2023,C2,Noche,A06,50
564,7,25,15,2024,C1,Noche,C01,40
565,7,7,15,2024,C2,Noche,L02,80
566,11,12,15,2023,C1,Noche,D17,80
567,11,28,15,2024,C1,Tarde,A03,80
568,15,27,15,2023,C2,Tarde,D19,80
569,15,11,15,2024,C2,Tarde,A09,60
570,29,13,15,2023,C1,Noche,B05,35
571,29,20,15,2023,C2,Noche,A08,30
572,29,36,15,2024,C1,Noche,A06,80
573,29,40,15,2024,C2,Noche,B02,30
574,1,6,16,2023,C1,Mañana,C18,45
575,1,1,16,2023,C2,Noche,D17,45
576,1,26,16,2024,C1,Tarde,A05,30
577,1,40,16,2024,C2,Tarde,C19,35
578,2,40,16,2023,C1,Tarde,A14,50
579,2,6,16,2023,C2,Tarde,A16,45
580,2,33,16,2024,C1,Mañana,D04,45
581,2,14,16,2024,C2,Tarde,L12,60
582,3,40,16,2023,C1,Noche,B18,35
583,3,32,16,2023,C2,Noche,A13,60
584,3,11,16,2024,C1,Mañana,D17,35
585,3,12,16,2024,C2,Tarde,A15,45
586,4,40,16,2023,C1,Noche,C01,45
587,4,16,16,2023,C2,Noche,A18,80
588,4,13,16,2024,C1,Noche,L11,35
589,4,37,16,2024,C2,Mañana,C16,60
590,5,9,16,2023,C1,Noche,B04,40
591,5,9,16,2023,C2,Noche,D10,35
592,5,11,16,2024,C1,Noche,A13,35
593,5,3,16,2024,C2,Tarde,A19,35
594,6,40,16,2023,C1,Mañana,B11,60
595,6,36,16,2023,C2,Mañana,A02,80
596,6,18,16,2024,C1,Noche,C20,50
597,6,18,16,2024,C2,Tarde,A12,35
598,8,3,16,2023,C1,Noche,C03,30
599,8,39,16,2023,C2,Mañana,A14,35
600,8,28,16,2024,C1,Noche,C14,50
601,8,39,16,2024,C2,Mañana,C08,80
602,9,12,16,2023,C1,Mañana,D09,50
603,9,38,16,2023,C2,Noche,L15,60
604,9,32,16,2024,C1,Mañana,B15,50
605,9,33,16,2024,C2,Tarde,B07,35
606,10,13,16,2023,C1,Tarde,D20,80
607,10,12,16,2023,C2,Tarde,D13,80
608,10,32,16,2024,C1,Tarde,A03,35
609,10,18,16,2024,C2,Noche,A17,80
610,11,6,16,2023,C1,Noche,D17,40
611,11,23,16,2024,C1,Noche,B10,50
612,12,38,16,2023,C1,Tarde,B08,80
613,12,8,16,2023,C2,Tarde,D09,35
614,12,29,16,2024,C1,Noche,C13,80
615,12,30,16,2024,C2,Tarde,B20,50
616,13,22,16,2023,C1,Noche,L17,50
617,13,15,16,2024,C1,Mañana,L01,60
618,14,3,16,2023,C2,Tarde,B06,45
619,14,28,16,2024,C2,Mañana,L14,60
620,16,34,16,2023,C2,Mañana,A18,35
621,16,39,16,2024,C2,Noche,B04,50
622,17,28,16,2023,C2,Noche,C11,45
623,17,40,16,2024,C2,Noche,A18,45
624,18,19,16,2023,C2,Tarde,A04,50
625,18,4,16,2024,C1,Tarde,A03,40
626,18,27,16,2024,C2,Noche,L10,50
627,19,35,16,2023,C1,Tarde,L08,60
628,19,32,16,2023,C2,Noche,B14,45
629,19,33,16,2024,C1,Mañana,D19,45
630,20,15,16,2023,C2,Tarde,D05,60
631,20,33,16,2024,C1,Noche,B10,80
632,21,36,16,2023,C1,Mañana,C01,80
633,21,30,16,2024,C1,Mañana,C09,45
634,22,12,16,2023,C1,Tarde,B16,60
635,22,29,16,2024,C1,Noche,L11,30
636,26,1,16,2023,C1,Tarde,B12,40
637,26,30,16,2023,C2,Noche,C09,35
638,26,37,16,2024,C1,Noche,B01,40
639,26,32,16,2024,C2,Tarde,A20,45
640,27,25,16,2023,C1,Noche,B10,80
641,27,11,16,2023,C2,Noche,D06,35
642,27,1,16,2024,C1,Noche,C17,45
643,27,1,16,2024,C2,Tarde,L16,35
644,44,8,16,2023,C1,Mañana,L13,80
645,44,38,16,2023,C2,Noche,L03,40
646,44,37,16,2024,C1,Tarde,A05,80
647,45,4,16,2023,C2,Noche,B09,35
648,45,12,16,2024,C2,Noche,A02,60
649,1,31,17,2023,C1,Noche,L02,40
650,1,12,17,2023,C2,Noche,A17,50
651,1,17,17,2024,C1,Noche,D03,50
652,1,12,17,2024,C2,Noche,A18,45
653,2,24,17,2023,C1,Noche,D13,30
654,2,23,17,2023,C2,Noche,C05,80
655,2,22,17,2024,C1,Noche,C12,80
656,2,17,17,2024,C2,Mañana,D01,50
657,3,8,17,2023,C1,Noche,L13,60
658,3,10,17,2023,C2,Noche,B20,40
659,3,39,17,2024,C1,Noche,C11,45
660,3,27,17,2024,C2,Noche,A08,80
661,4,39,17,2023,C1,Tarde,C02,80
662,4,30,17,2023,C2,Tarde,C16,35
663,4,22,17,2024,C1,Mañana,L14,80
664,4,19,17,2024,C2,Noche,B12,40
665,6,29,17,2023,C1,Noche,C12,30
666,6,11,17,2023,C2,Noche,L17,80
667,6,14,17,2024,C1,Noche,A18,30
668,6,22,17,2024,C2,Tarde,A17,50
669,7,18,17,2023,C1,Noche,A13,30
670,7,30,17,2023,C2,Noche,C03,30
671,7,35,17,2024,C1,Noche,C10,40
672,7,6,17,2024,C2,Noche,A16,60
673,11,16,17,2023,C2,Noche,L01,30
674,11,38,17,2024,C1,Tarde,A11,60
675,19,24,17,2023,C1,Tarde,D07,30
676,19,7,17,2024,C1,Noche,C18,50
677,23,2,17,2023,C1,Noche,C19,80
678,23,24,17,2023,C2,Noche,D03,40
679,23,11,17,2024,C1,Noche,L20,35
680,23,24,17,2024,C2,Mañana,A18,60
681,24,36,17,2023,C1,Tarde,A05,60
682,24,5,17,2023,C2,Noche,A03,40
683,24,23,17,2024,C1,Mañana,A13,50
684,24,19,17,2024,C2,Noche,B10,45
685,25,20,17,2023,C1,Tarde,C14,60
686,25,6,17,2023,C2,Noche,C17,40
687,25,20,17,2024,C1,Mañana,L06,30
688,25,32,17,2024,C2,Noche,L08,45
689,37,16,17,2023,C1,Tarde,A16,45
690,37,37,17,2024,C1,Tarde,C03,45
691,38,33,17,2023,C2,Noche,C04,80
692,38,40,17,2024,C1,Tarde,A17,35
693,39,3,17,2023,C2,Noche,D05,40
694,39,8,17,2024,C1,Noche,D10,45
695,1,21,18,2023,C1,Mañana,D05,60
696,1,1,18,2023,C2,Noche,A06,40
697,1,2,18,2024,C1,Tarde,C07,60
698,1,12,18,2024,C2,Mañana,D15,50
699,2,29,18,2023,C1,Mañana,C14,80
700,2,27,18,2023,C2,Tarde,B17,40
701,2,11,18,2024,C1,Tarde,C20,40
702,2,27,18,2024,C2,Tarde,C06,30
703,3,21,18,2023,C1,Tarde,B18,40
704,3,14,18,2023,C2,Noche,A09,80
705,3,32,18,2024,C1,Noche,A07,80
706,3,22,18,2024,C2,Noche,C11,80
707,4,22,18,2023,C1,Tarde,A11,60
708,4,40,18,2023,C2,Noche,B12,80
709,4,23,18,2024,C1,Noche,B04,80
710,4,40,18,2024,C2,Noche,L01,45
711,6,17,18,2023,C1,Noche,D07,50
712,6,34,18,2023,C2,Noche,A19,45
713,6,20,18,2024,C1,Noche,L20,80
714,6,20,18,2024,C2,Noche,B15,80
715,7,12,18,2023,C1,Noche,L13,60
716,7,25,18,2023,C2,Tarde,C18,45
717,7,18,18,2024,C1,Tarde,A01,80
718,7,31,18,2024,C2,Noche,A07,50
719,11,12,18,2023,C1,Noche,B05,80
720,11,1,18,2024,C1,Noche,C02,45
721,15,5,18,2023,C1,Mañana,L10,35
722,15,39,18,2023,C2,Noche,A10,80
723,15,12,18,2024,C1,Noche,L19,45
724,15,2,18,2024,C2,Tarde,D20,30
725,33,28,18,2023,C1,Tarde,A15,35
726,33,30,18,2023,C2,Noche,B01,45
727,33,36,18,2024,C1,Tarde,C20,45
728,33,15,18,2024,C2,Noche,D11,80
729,34,39,18,2023,C1,Noche,B05,80
730,34,27,18,2023,C2,Noche,B17,45
731,34,6,18,2024,C1,Tarde,C11,30
732,34,33,18,2024,C2,Tarde,B09,35
733,35,3,18,2023,C2,Noche,D20,60
734,35,7,18,2024,C1,Mañana,C06,35
735,35,9,18,2024,C2,Noche,A13,50
736,36,18,18,2023,C2,Noche,B16,35
737,36,36,18,2024,C1,Noche,L12,40
738,1,32,19,2023,C1,Tarde,L02,80
739,1,11,19,2023,C2,Noche,B19,60
740,1,16,19,2024,C1,Mañana,A12,80
741,1,33,19,2024,C2,Tarde,A04,80
742,2,37,19,2023,C1,Mañana,C17,35
743,2,36,19,2023,C2,Tarde,C08,30
744,2,22,19,2024,C1,Noche,B05,45
745,2,24,19,2024,C2,Noche,D19,40
746,3,8,19,2023,C1,Mañana,D18,30
747,3,30,19,2023,C2,Noche,B05,45
748,3,32,19,2024,C1,Tarde,B16,80
749,3,3,19,2024,C2,Noche,L17,35
750,4,40,19,2023,C1,Noche,A01,30
751,4,39,19,2023,C2,Noche,A20,50
752,4,21,19,2024,C1,Noche,A09,40
753,4,32,19,2024,C2,Mañana,A08,80
754,6,35,19,2023,C1,Noche,B12,50
755,6,40,19,2023,C2,Tarde,B05,45
756,6,33,19,2024,C1,Noche,A06,50
757,6,38,19,2024,C2,Noche,L06,60
758,11,38,19,2023,C2,Tarde,A16,35
759,11,27,19,2024,C2,Mañana,C15,30
760,40,2,19,2023,C1,Tarde,A05,80
761,40,31,19,2023,C2,Noche,L17,35
762,40,36,19,2024,C1,Mañana,C06,30
763,40,27,19,2024,C2,Tarde,D04,50
764,41,11,19,2023,C1,Noche,D13,60
765,41,7,19,2023,C2,Tarde,D19,60
766,41,19,19,2024,C2,Tarde,L20,50
767,42,4,19,2023,C1,Noche,L06,30
768,42,9,19,2023,C2,Mañana,D17,30
769,42,38,19,2024,C1,Noche,L12,80
770,42,1,19,2024,C2,Mañana,L14,60
771,1,11,20,2023,C1,Noche,C08,35
772,1,26,20,2023,C2,Mañana,L13,40
773,1,6,20,2024,C1,Noche,C18,80
774,1,21,20,2024,C2,Mañana,A10,30
775,2,21,20,2023,C1,Noche,C06,60
776,2,35,20,2023,C2,Noche,C17,30
777,2,39,20,2024,C1,Noche,A11,50
778,2,38,20,2024,C2,Tarde,C03,60
779,3,33,20,2023,C1,Tarde,C10,60
780,3,28,20,2023,C2,Noche,B10,50
781,3,21,20,2024,C1,Noche,L05,40
782,3,7,20,2024,C2,Noche,A12,45
783,4,2,20,2023,C1,Mañana,A01,50
784,4,37,20,2023,C2,Noche,D07,35
785,4,11,20,2024,C1,Tarde,C18,60
786,4,36,20,2024,C2,Tarde,L12,30
787,6,36,20,2023,C1,Noche,D09,50
788,6,32,20,2023,C2,Noche,B15,50
789,6,14,20,2024,C1,Mañana,B03,50
790,6,37,20,2024,C2,Noche,D19,45
791,11,12,20,2023,C1,Tarde,A15,35
792,11,35,20,2024,C2,Noche,A05,40
793,15,34,20,2023,C2,Tarde,A06,50
794,15,39,20,2024,C2,Noche,L08,35
795,29,16,20,2023,C1,Noche,D15,45
796,29,32,20,2023,C2,Noche,B09,30
797,29,27,20,2024,C1,Noche,B05,80
798,29,7,20,2024,C2,Noche,C14,60
799,33,25,20,2023,C1,Noche,A03,35
800,33,21,20,2023,C2,Mañana,D01,45
801,33,25,20,2024,C1,Tarde,D18,60
802,33,34,20,2024,C2,Noche,A20,40
803,34,33,20,2023,C1,Tarde,C19,50
804,34,27,20,2023,C2,Noche,B14,60
805,34,27,20,2024,C1,Noche,A06,30
806,34,8,20,2024,C2,Tarde,A07,35
807,35,7,20,2023,C1,Tarde,D07,30
808,35,5,20,2024,C1,Tarde,L10,50
809,35,30,20,2024,C2,Noche,D07,35
810,36,20,20,2023,C2,Noche,B09,40
811,36,29,20,2024,C2,Tarde,D02,35
812,1,33,21,2023,C1,Noche,D05,50
813,1,17,21,2023,C2,Noche,L11,45
814,1,24,21,2024,C1,Noche,L12,60
815,1,22,21,2024,C2,Noche,C10,30
816,2,39,21,2023,C1,Noche,L17,30
817,2,29,21,2023,C2,Noche,C02,35
818,2,11,21,2024,C1,Noche,L18,40
819,2,27,21,2024,C2,Noche,A19,35
820,3,39,21,2023,C1,Tarde,C10,30
821,3,25,21,2023,C2,Noche,C05,60
822,3,30,21,2024,C1,Tarde,D18,40
823,3,18,21,2024,C2,Tarde,B15,60
824,4,5,21,2023,C1,Noche,A18,60
825,4,9,21,2023,C2,Noche,L20,35
826,4,4,21,2024,C1,Noche,B18,30
827,4,5,21,2024,C2,Noche,A20,35
828,6,16,21,2023,C1,Noche,B19,45
829,6,11,21,2023,C2,Tarde,D19,80
830,6,21,21,2024,C1,Noche,B07,45
831,6,14,21,2024,C2,Noche,D13,50
832,7,19,21,2023,C1,Mañana,C01,40
833,7,34,21,2023,C2,Noche,L09,40
834,7,6,21,2024,C1,Tarde,B12,45
835,7,15,21,2024,C2,Noche,A12,60
836,11,7,21,2023,C1,Noche,D03,60
837,11,18,21,2024,C1,Noche,D11,60
838,11,23,21,2024,C2,Noche,B13,45
839,30,13,21,2023,C1,Mañana,C19,30
840,30,5,21,2023,C2,Tarde,C02,45
841,30,34,21,2024,C1,Noche,C05,45
842,30,1,21,2024,C2,Noche,L15,35
843,31,19,21,2023,C1,Noche,D07,35
844,31,34,21,2024,C2,Mañana,L13,80
845,32,13,21,2023,C1,Noche,B19,80
846,32,10,21,2024,C2,Tarde,C02,35
847,1,24,22,2023,C1,Noche,D02,45
848,1,40,22,2023,C2,Noche,A15,30
849,1,24,22,2024,C1,Mañana,A09,45
850,1,31,22,2024,C2,Noche,D19,60
851,2,24,22,2023,C1,Mañana,B18,60
852,2,19,22,2023,C2,Noche,B11,50
853,2,27,22,2024,C1,Noche,D07,40
854,2,40,22,2024,C2,Tarde,C04,40
855,3,23,22,2023,C1,Noche,L17,80
856,3,18,22,2023,C2,Tarde,B16,60
857,3,17,22,2024,C1,Tarde,L14,40
858,3,13,22,2024,C2,Noche,C01,80
859,4,23,22,2023,C1,Noche,D19,40
860,4,11,22,2023,C2,Noche,D12,40
861,4,23,22,2024,C1,Noche,L03,80
862,4,8,22,2024,C2,Noche,A01,45
863,5,2,22,2023,C1,Noche,D04,80
864,5,17,22,2023,C2,Noche,C01,45
865,5,33,22,2024,C1,Noche,B17,60
866,5,7,22,2024,C2,Mañana,C14,35
867,6,22,22,2023,C1,Noche,C19,80
868,6,17,22,2023,C2,Noche,A04,50
869,6,6,22,2024,C1,Noche,C05,80
870,6,24,22,2024,C2,Noche,B12,50
871,8,2,22,2023,C1,Noche,C16,40
872,8,35,22,2023,C2,Noche,C12,35
873,8,20,22,2024,C1,Noche,D03,45
874,8,30,22,2024,C2,Noche,C11,60
875,9,5,22,2023,C1,Tarde,D06,60
876,9,38,22,2023,C2,Mañana,B16,35
877,9,1,22,2024,C1,Noche,B17,35
878,9,39,22,2024,C2,Tarde,D19,35
879,10,27,22,2023,C1,Tarde,A19,40
880,10,3,22,2023,C2,Noche,D02,45
881,10,18,22,2024,C1,Tarde,A17,45
882,10,6,22,2024,C2,Noche,L02,40
883,11,35,22,2023,C1,Noche,A09,50
884,11,20,22,2023,C2,Noche,B14,50
885,11,25,22,2024,C2,Mañana,B09,45
886,12,16,22,2023,C1,Noche,L19,40
887,12,16,22,2024,C1,Tarde,A10,30
888,13,16,22,2023,C1,Noche,L04,45
889,13,4,22,2024,C1,Mañana,B15,35
890,13,23,22,2024,C2,Tarde,D09,45
891,14,5,22,2023,C1,Noche,C06,45
892,14,8,22,2023,C2,Tarde,A10,60
893,14,36,22,2024,C2,Tarde,D17,45
894,16,13,22,2023,C1,Noche,D13,45
895,16,15,22,2024,C1,Tarde,D04,80
896,16,16,22,2024,C2,Noche,A12,35
897,17,30,22,2023,C1,Noche,A12,45
898,17,33,22,2024,C1,Noche,B06,60
899,18,19,22,2023,C1,Noche,B19,45
900,18,17,22,2024,C1,Noche,B10,35
901,19,17,22,2023,C2,Tarde,A05,60
902,19,23,22,2024,C1,Tarde,B13,60
903,20,30,22,2023,C1,Noche,B11,30
904,20,8,22,2023,C2,Noche,A08,45
905,20,32,22,2024,C1,Noche,D20,50
906,21,18,22,2023,C1,Noche,B04,40
907,21,31,22,2023,C2,Tarde,C04,35
908,21,13,22,2024,C1,Noche,B09,40
909,22,2,22,2023,C1,Mañana,B12,40
910,22,28,22,2024,C1,Noche,C06,50
911,40,27,22,2023,C1,Noche,L06,35
912,40,28,22,2023,C2,Tarde,D17,40
913,40,28,22,2024,C1,Tarde,C13,50
914,40,29,22,2024,C2,Noche,B04,40
915,41,32,22,2023,C1,Noche,A01,45
916,41,14,22,2024,C1,Mañana,L01,40
917,42,16,22,2023,C1,Tarde,B11,45
918,42,23,22,2023,C2,Tarde,D06,50
919,42,13,22,2024,C1,Noche,D18,30
920,42,26,22,2024,C2,Tarde,D01,35
921,44,7,22,2023,C1,Noche,D12,50
922,44,25,22,2024,C1,Noche,D12,35
923,45,8,22,2023,C1,Noche,A09,50
924,45,13,22,2024,C2,Tarde,L01,35
925,1,30,23,2023,C1,Mañana,C17,60
926,1,25,23,2023,C2,Tarde,L18,60
927,1,2,23,2024,C1,Tarde,B14,35
928,1,38,23,2024,C2,Noche,D12,40
929,2,9,23,2023,C1,Noche,D11,50
930,2,33,23,2023,C2,Noche,A01,35
931,2,4,23,2024,C1,Noche,L14,50
932,2,8,23,2024,C2,Tarde,D16,30
933,3,31,23,2023,C1,Tarde,L12,50
934,3,2,23,2023,C2,Tarde,C19,60
935,3,29,23,2024,C1,Tarde,D06,45
936,3,15,23,2024,C2,Noche,D03,30
937,4,20,23,2023,C1,Noche,B17,60
938,4,9,23,2023,C2,Tarde,C16,30
939,4,24,23,2024,C1,Tarde,B20,30
940,4,28,23,2024,C2,Noche,A02,80
941,6,24,23,2023,C1,Noche,L01,50
942,6,21,23,2023,C2,Noche,D15,80
943,6,17,23,2024,C1,Tarde,D03,60
944,6,38,23,2024,C2,Mañana,L09,50
945,7,15,23,2023,C1,Noche,D06,60
946,7,26,23,2023,C2,Tarde,C19,35
947,7,4,23,2024,C1,Mañana,C15,80
948,7,37,23,2024,C2,Noche,L19,35
949,11,24,23,2023,C1,Noche,L14,40
950,11,11,23,2023,C2,Noche,A13,35
951,11,2,23,2024,C2,Tarde,A01,35
952,19,13,23,2023,C1,Mañana,L15,35
953,19,22,23,2024,C1,Tarde,A20,40
954,23,5,23,2023,C1,Mañana,L01,30
955,23,5,23,2023,C2,Noche,C14,60
956,23,18,23,2024,C1,Noche,B20,45
957,23,2,23,2024,C2,Noche,B07,45
958,24,17,23,2023,C1,Noche,L07,35
959,24,40,23,2023,C2,Noche,C12,80
960,24,27,23,2024,C1,Noche,L02,35
961,24,5,23,2024,C2,Noche,L10,80
962,25,39,23,2023,C2,Mañana,A04,60
963,25,18,23,2024,C1,Tarde,C05,50
964,37,26,23,2023,C2,Noche,A03,40
965,37,40,23,2024,C1,Mañana,A07,60
966,38,28,23,2023,C1,Mañana,D03,35
967,38,12,23,2023,C2,Noche,D20,35
968,38,35,23,2024,C1,Noche,B13,80
969,38,21,23,2024,C2,Noche,B17,45
970,39,18,23,2023,C1,Noche,D01,80
971,39,20,23,2023,C2,Noche,C09,35
972,39,38,23,2024,C1,Noche,D14,60
973,1,18,24,2023,C1,Noche,D02,30
974,1,16,24,2023,C2,Noche,C08,45
975,1,10,24,2024,C1,Mañana,D14,60
976,1,4,24,2024,C2,Noche,B15,30
977,2,33,24,2023,C1,Noche,B01,60
978,2,4,24,2023,C2,Mañana,C01,80
979,2,7,24,2024,C1,Noche,D17,35
980,2,16,24,2024,C2,Noche,A16,35
981,3,9,24,2023,C1,Tarde,D06,35
982,3,1,24,2023,C2,Noche,L16,30
983,3,34,24,2024,C1,Noche,D15,35
984,3,22,24,2024,C2,Noche,L08,40
985,4,36,24,2023,C1,Noche,D05,35
986,4,10,24,2023,C2,Noche,C06,45
987,4,39,24,2024,C1,Noche,L20,60
988,4,21,24,2024,C2,Noche,D04,40
989,6,40,24,2023,C1,Tarde,C01,30
990,6,35,24,2023,C2,Noche,D14,50
991,6,12,24,2024,C1,Tarde,C15,40
992,6,17,24,2024,C2,Noche,B03,45
993,11,32,24,2023,C1,Tarde,L20,30
994,11,10,24,2024,C1,Noche,D09,45
995,11,2,24,2024,C2,Mañana,D17,45
996,15,34,24,2023,C2,Noche,A15,35
997,15,38,24,2024,C1,Tarde,B12,40
998,15,16,24,2024,C2,Noche,L18,40
999,26,9,24,2023,C1,Tarde,B10,40
1000,26,28,24,2023,C2,Noche,A02,30
1001,26,18,24,2024,C1,Noche,B01,30
1002,26,24,24,2024,C2,Noche,L06,50
1003,27,9,24,2023,C1,Mañana,D03,45
1004,27,8,24,2023,C2,Noche,B11,80
1005,27,28,24,2024,C1,Noche,D11,80
1006,27,27,24,2024,C2,Noche,D18,35
1007,33,12,24,2023,C1,Mañana,L10,40
1008,33,34,24,2023,C2,Tarde,C02,30
1009,33,11,24,2024,C1,Mañana,B11,45
1010,33,25,24,2024,C2,Noche,B13,45
1011,34,33,24,2023,C1,Noche,D13,45
1012,34,36,24,2023,C2,Noche,L10,30
1013,34,5,24,2024,C1,Mañana,L08,80
1014,34,18,24,2024,C2,Tarde,D19,45
1015,35,14,24,2023,C1,Noche,C05,45
1016,35,19,24,2024,C1,Noche,A10,30
1017,36,35,24,2023,C2,Noche,C10,35
1018,36,33,24,2024,C2,Tarde,D18,50
1019,1,3,25,2023,C1,Noche,D19,60
1020,1,10,25,2023,C2,Noche,B20,30
1021,1,15,25,2024,C1,Tarde,B04,30
1022,1,27,25,2024,C2,Noche,D05,35
1023,2,27,25,2023,C1,Tarde,B07,45
1024,2,38,25,2023,C2,Mañana,D02,80
1025,2,3,25,2024,C1,Tarde,A03,45
1026,2,21,25,2024,C2,Noche,L09,45
1027,3,28,25,2023,C1,Noche,B20,80
1028,3,27,25,2023,C2,Noche,B12,60
1029,3,27,25,2024,C1,Noche,A20,80
1030,3,7,25,2024,C2,Noche,L17,45
1031,4,25,25,2023,C1,Noche,B10,60
1032,4,29,25,2023,C2,Noche,B18,40
1033,4,35,25,2024,C1,Tarde,L06,35
1034,4,26,25,2024,C2,Noche,L12,45
1035,5,4,25,2023,C1,Tarde,A20,40
1036,5,39,25,2023,C2,Noche,D15,35
1037,5,5,25,2024,C1,Noche,C18,30
1038,5,20,25,2024,C2,Noche,C04,45
1039,6,10,25,2023,C1,Noche,A03,45
1040,6,5,25,2023,C2,Tarde,B08,45
1041,6,9,25,2024,C1,Noche,B10,45
1042,6,38,25,2024,C2,Noche,A05,60
1043,8,8,25,2023,C1,Noche,C03,50
1044,8,14,25,2023,C2,Noche,D13,40
1045,8,12,25,2024,C1,Mañana,D07,50
1046,8,29,25,2024,C2,Noche,D10,45
1047,9,16,25,2023,C1,Noche,A02,30
1048,9,8,25,2023,C2,Tarde,C12,40
1049,9,21,25,2024,C1,Mañana,B06,80
1050,9,12,25,2024,C2,Mañana,C05,50
1051,10,36,25,2023,C1,Noche,D13,45
1052,10,21,25,2023,C2,Noche,L11,40
1053,10,18,25,2024,C1,Noche,D11,50
1054,10,38,25,2024,C2,Noche,D10,80
1055,11,35,25,2023,C1,Noche,L07,40
1056,11,3,25,2024,C1,Noche,D09,45
1057,12,8,25,2023,C1,Mañana,A12,60
1058,12,35,25,2024,C2,Tarde,B11,35
1059,13,15,25,2023,C2,Noche,D15,40
1060,13,16,25,2024,C1,Mañana,C17,30
1061,13,1,25,2024,C2,Noche,L20,40
1062,14,17,25,2023,C1,Noche,A09,50
1063,14,22,25,2024,C1,Noche,A13,35
1064,16,27,25,2023,C1,Mañana,A13,45
1065,16,9,25,2023,C2,Noche,C04,35
1066,16,17,25,2024,C2,Noche,L02,40
1067,17,36,25,2023,C2,Noche,C02,35
1068,17,13,25,2024,C2,Tarde,L06,40
1069,18,15,25,2023,C1,Noche,C12,35
1070,18,32,25,2024,C2,Noche,C08,60
1071,19,29,25,2023,C1,Noche,C03,35
1072,19,14,25,2024,C1,Noche,L17,60
1073,19,35,25,2024,C2,Noche,B06,60
1074,20,33,25,2023,C1,Noche,B18,40
1075,20,22,25,2024,C1,Mañana,A07,60
1076,20,37,25,2024,C2,Tarde,L20,40
1077,21,33,25,2023,C2,Noche,B11,60
1078,21,12,25,2024,C1,Tarde,B05,50
1079,22,36,25,2023,C2,Noche,A18,30
1080,22,2,25,2024,C1,Tarde,A04,40
1081,44,38,25,2023,C2,Noche,A17,80
1082,44,12,25,2024,C1,Noche,B06,50
1083,45,32,25,2023,C1,Tarde,B04,40
1084,45,23,25,2024,C2,Noche,L14,40
1085,1,1,26,2023,C1,Mañana,B02,80
1086,1,39,26,2023,C2,Noche,L06,40
1087,1,1,26,2024,C1,Tarde,C13,80
1088,1,21,26,2024,C2,Noche,A11,80
1089,2,17,26,2023,C1,Noche,B02,80
1090,2,26,26,2023,C2,Noche,D15,60
1091,2,38,26,2024,C1,Noche,C08,40
1092,2,37,26,2024,C2,Noche,L05,60
1093,3,28,26,2023,C1,Noche,B07,50
1094,3,18,26,2023,C2,Noche,B19,30
1095,3,5,26,2024,C1,Mañana,C08,60
1096,3,9,26,2024,C2,Mañana,A13,35
1097,4,7,26,2023,C1,Noche,D02,30
1098,4,23,26,2023,C2,Noche,C07,50
1099,4,8,26,2024,C1,Tarde,A15,50
1100,4,21,26,2024,C2,Noche,B10,80
1101,6,17,26,2023,C1,Tarde,C14,30
1102,6,17,26,2023,C2,Noche,D14,80
1103,6,15,26,2024,C1,Mañana,C02,40
1104,6,24,26,2024,C2,Noche,D18,80
1105,7,10,26,2023,C1,Noche,C04,35
1106,7,23,26,2023,C2,Mañana,B18,45
1107,7,26,26,2024,C1,Noche,B04,60
1108,7,32,26,2024,C2,Tarde,A19,60
1109,11,3,26,2023,C1,Noche,D04,60
1110,11,3,26,2024,C2,Noche,L13,35
1111,19,40,26,2023,C1,Noche,L16,60
1112,19,32,26,2024,C2,Tarde,B03,50
1113,23,23,26,2023,C1,Noche,D07,50
1114,23,34,26,2023,C2,Noche,D06,40
1115,23,9,26,2024,C1,Noche,B16,40
1116,23,32,26,2024,C2,Noche,A02,40
1117,24,18,26,2023,C1,Noche,B06,40
1118,24,15,26,2023,C2,Noche,C14,50
1119,24,14,26,2024,C1,Noche,A19,35
1120,24,14,26,2024,C2,Noche,A20,45
1121,25,20,26,2023,C1,Noche,L07,45
1122,25,12,26,2023,C2,Noche,A16,40
1123,25,7,26,2024,C2,Mañana,B06,45
1124,30,33,26,2023,C1,Noche,A14,30
1125,30,26,26,2023,C2,Noche,L07,35
1126,30,25,26,2024,C1,Tarde,A06,50
1127,30,28,26,2024,C2,Noche,B05,45
1128,31,14,26,2023,C2,Noche,C06,40
1129,31,32,26,2024,C2,Tarde,D16,80
1130,32,10,26,2023,C1,Noche,B16,50
1131,32,13,26,2024,C2,Noche,L04,60
1132,37,40,26,2023,C2,Noche,C03,35
1133,37,28,26,2024,C1,Noche,C02,50
1134,38,15,26,2023,C1,Noche,L16,50
1135,38,11,26,2024,C1,Noche,D19,80
1136,38,15,26,2024,C2,Tarde,D16,40
1137,39,30,26,2023,C1,Mañana,B13,50
1138,39,34,26,2024,C2,Noche,C07,50
1139,1,22,27,2023,C1,Noche,A06,30
1140,1,33,27,2023,C2,Tarde,L02,40
1141,1,5,27,2024,C1,Noche,A14,30
1142,1,9,27,2024,C2,Noche,C07,30
1143,2,34,27,2023,C1,Noche,B05,30
1144,2,27,27,2023,C2,Noche,C01,40
1145,2,26,27,2024,C1,Noche,B05,45
1146,2,24,27,2024,C2,Mañana,A11,50
1147,3,28,27,2023,C1,Noche,B06,45
1148,3,1,27,2023,C2,Noche,D10,50
1149,3,20,27,2024,C1,Tarde,A09,80
1150,3,4,27,2024,C2,Mañana,L16,40
1151,4,17,27,2023,C1,Noche,B20,35
1152,4,27,27,2023,C2,Noche,B11,45
1153,4,1,27,2024,C1,Noche,D04,60
1154,4,14,27,2024,C2,Mañana,L13,40
1155,6,37,27,2023,C1,Noche,C18,35
1156,6,4,27,2023,C2,Noche,D20,35
1157,6,8,27,2024,C1,Noche,L19,50
1158,6,30,27,2024,C2,Noche,A12,35
1159,7,35,27,2023,C1,Tarde,B03,60
1160,7,13,27,2023,C2,Tarde,A14,60
1161,7,39,27,2024,C1,Noche,A05,40
1162,7,22,27,2024,C2,Mañana,D16,80
1163,11,27,27,2023,C1,Mañana,A05,40
1164,11,5,27,2024,C2,Noche,A05,60
1165,15,5,27,2023,C2,Tarde,L13,30
1166,15,3,27,2024,C1,Mañana,A06,45
1167,15,6,27,2024,C2,Noche,L13,30
1168,33,37,27,2023,C1,Tarde,C18,60
1169,33,34,27,2023,C2,Noche,B20,30
1170,33,2,27,2024,C1,Tarde,B03,30
1171,33,6,27,2024,C2,Noche,B18,45
1172,34,37,27,2023,C1,Noche,C04,30
1173,34,39,27,2023,C2,Tarde,D18,35
1174,34,5,27,2024,C1,Noche,L03,35
1175,34,8,27,2024,C2,Noche,A14,50
1176,35,19,27,2023,C2,Noche,B12,35
1177,35,11,27,2024,C1,Noche,L20,30
1178,35,2,27,2024,C2,Noche,C17,40
1179,36,4,27,2023,C2,Noche,A13,80
1180,36,2,27,2024,C1,Noche,A14,30
1181,36,21,27,2024,C2,Noche,C05,40
1182,1,35,28,2023,C1,Noche,C15,35
1183,1,39,28,2023,C2,Mañana,A04,60
1184,1,16,28,2024,C1,Noche,L20,80
1185,1,30,28,2024,C2,Noche,L14,60
1186,2,3,28,2023,C1,Noche,A02,30
1187,2,27,28,2023,C2,Mañana,L01,60
1188,2,11,28,2024,C1,Noche,D06,45
1189,2,31,28,2024,C2,Noche,B03,35
1190,3,18,28,2023,C1,Tarde,A06,30
1191,3,34,28,2023,C2,Mañana,D05,60
1192,3,4,28,2024,C1,Mañana,L05,45
1193,3,7,28,2024,C2,Tarde,B17,35
1194,4,31,28,2023,C1,Noche,C09,50
1195,4,3,28,2023,C2,Mañana,A07,35
1196,4,38,28,2024,C1,Tarde,A09,30
1197,4,27,28,2024,C2,Mañana,B09,30
1198,6,34,28,2023,C1,Noche,A18,40
1199,6,6,28,2023,C2,Tarde,C06,35
1200,6,19,28,2024,C1,Noche,B03,60
1201,6,28,28,2024,C2,Noche,B20,80
1202,11,3,28,2023,C2,Tarde,L02,30
1203,11,19,28,2024,C2,Tarde,D13,50
1204,26,7,28,2023,C1,Noche,C13,35
1205,26,29,28,2023,C2,Noche,L10,50
1206,26,11,28,2024,C1,Noche,C05,60
1207,26,28,28,2024,C2,Noche,B18,80
1208,27,6,28,2023,C1,Mañana,D13,40
1209,27,4,28,2023,C2,Mañana,A06,60
1210,27,10,28,2024,C1,Noche,L07,45
1211,27,24,28,2024,C2,Mañana,D05,80
1212,28,7,28,2023,C1,Noche,L12,50
1213,28,19,28,2024,C1,Noche,C14,30
1214,30,35,28,2023,C1,Noche,L08,50
1215,30,34,28,2023,C2,Noche,A14,40
1216,30,38,28,2024,C1,Tarde,L15,80
1217,30,3,28,2024,C2,Tarde,A18,60
1218,31,25,28,2023,C1,Noche,B02,50
1219,31,38,28,2023,C2,Tarde,D14,30
1220,31,35,28,2024,C1,Noche,A16,50
1221,31,18,28,2024,C2,Mañana,D20,35
1222,32,36,28,2023,C2,Noche,B06,50
1223,32,6,28,2024,C1,Noche,B11,30
1224,32,11,28,2024,C2,Mañana,A08,40
1225,1,12,29,2023,C1,Noche,A09,80
1226,1,18,29,2023,C2,Noche,A04,45
1227,1,10,29,2024,C1,Noche,L17,45
1228,1,17,29,2024,C2,Tarde,B08,40
1229,2,22,29,2023,C1,Tarde,B03,30
1230,2,17,29,2023,C2,Tarde,D15,35
1231,2,20,29,2024,C1,Noche,C12,45
1232,2,19,29,2024,C2,Noche,D01,45
1233,3,29,29,2023,C1,Noche,L17,35
1234,3,1,29,2023,C2,Tarde,L10,30
1235,3,27,29,2024,C1,Noche,A20,35
1236,3,26,29,2024,C2,Noche,D14,60
1237,4,33,29,2023,C1,Tarde,B14,50
1238,4,19,29,2023,C2,Tarde,B20,50
1239,4,23,29,2024,C1,Mañana,L12,80
1240,4,30,29,2024,C2,Tarde,C16,50
1241,5,4,29,2023,C1,Noche,A14,60
1242,5,27,29,2023,C2,Noche,D08,45
1243,5,38,29,2024,C1,Noche,D16,40
1244,5,13,29,2024,C2,Noche,D13,45
1245,6,33,29,2023,C1,Tarde,A02,60
1246,6,13,29,2023,C2,Noche,D13,40
1247,6,28,29,2024,C1,Noche,C01,60
1248,6,26,29,2024,C2,Noche,L11,60
1249,7,7,29,2023,C1,Noche,C14,80
1250,7,29,29,2023,C2,Noche,B19,30
1251,7,9,29,2024,C1,Tarde,B08,60
1252,7,25,29,2024,C2,Noche,D18,50
1253,8,13,29,2023,C1,Mañana,L14,30
1254,8,35,29,2023,C2,Mañana,L19,35
1255,8,12,29,2024,C1,Noche,B05,30
1256,8,1,29,2024,C2,Mañana,D17,80
1257,9,36,29,2023,C1,Mañana,B01,35
1258,9,19,29,2023,C2,Mañana,D06,60
1259,9,22,29,2024,C1,Mañana,D13,45
1260,9,27,29,2024,C2,Noche,C05,80
1261,10,39,29,2023,C1,Noche,L07,50
1262,10,32,29,2023,C2,Noche,D02,35
1263,10,20,29,2024,C1,Noche,D05,45
1264,10,30,29,2024,C2,Noche,C09,30
1265,11,23,29,2023,C2,Noche,C01,35
1266,11,20,29,2024,C1,Noche,B08,45
1267,11,32,29,2024,C2,Mañana,C20,35
1268,12,18,29,2023,C1,Tarde,B01,45
1269,12,4,29,2024,C2,Mañana,A09,35
1270,13,10,29,2023,C1,Noche,A14,80
1271,13,5,29,2023,C2,Tarde,A06,45
1272,13,16,29,2024,C1,Noche,L05,60
1273,13,35,29,2024,C2,Noche,B08,40
1274,14,17,29,2023,C1,Noche,D12,35
1275,14,28,29,2023,C2,Mañana,L14,60
1276,14,28,29,2024,C2,Tarde,L08,40
1277,16,12,29,2023,C2,Tarde,A10,60
1278,16,30,29,2024,C1,Noche,C06,35
1279,16,1,29,2024,C2,Noche,D03,80
1280,17,22,29,2023,C1,Noche,D04,35
1281,17,13,29,2024,C1,Tarde,L03,35
1282,17,5,29,2024,C2,Mañana,D20,35
1283,18,29,29,2023,C1,Noche,D18,50
1284,18,17,29,2023,C2,Tarde,D05,30
1285,18,32,29,2024,C2,Noche,A14,60
1286,19,2,29,2023,C1,Tarde,L12,60
1287,19,15,29,2023,C2,Noche,B15,50
1288,19,12,29,2024,C2,Mañana,B05,40
1289,20,7,29,2023,C2,Noche,B04,30
1290,20,11,29,2024,C1,Noche,C20,35
1291,20,6,29,2024,C2,Noche,L06,50
1292,21,40,29,2023,C1,Noche,D08,45
1293,21,24,29,2024,C1,Noche,B03,80
1294,21,2,29,2024,C2,Noche,A08,35
1295,22,5,29,2023,C1,Noche,C04,40
1296,22,3,29,2024,C2,Noche,B14,80
1297,44,15,29,2023,C2,Noche,B13,45
1298,44,5,29,2024,C1,Tarde,A02,80
1299,45,15,29,2023,C2,Noche,C03,60
1300,45,38,29,2024,C2,Noche,D10,40
1301,1,2,30,2023,C1,Noche,C02,45
1302,1,32,30,2023,C2,Noche,C01,50
1303,1,38,30,2024,C1,Tarde,L19,60
1304,1,28,30,2024,C2,Tarde,L18,80
1305,2,4,30,2023,C1,Noche,C15,45
1306,2,6,30,2023,C2,Tarde,A14,80
1307,2,26,30,2024,C1,Noche,D20,40
1308,2,28,30,2024,C2,Mañana,B09,30
1309,3,37,30,2023,C1,Mañana,D09,45
1310,3,9,30,2023,C2,Noche,B19,60
1311,3,9,30,2024,C1,Mañana,B16,30
1312,3,38,30,2024,C2,Noche,D06,40
1313,4,36,30,2023,C1,Tarde,C03,80
1314,4,36,30,2023,C2,Tarde,L19,30
1315,4,9,30,2024,C1,Tarde,D10,45
1316,4,29,30,2024,C2,Tarde,C11,35
1317,6,31,30,2023,C1,Tarde,B08,30
1318,6,22,30,2023,C2,Tarde,D12,30
1319,6,40,30,2024,C1,Mañana,A08,40
1320,6,28,30,2024,C2,Noche,L16,40
1321,7,40,30,2023,C1,Noche,L06,60
1322,7,36,30,2023,C2,Noche,B20,35
1323,7,39,30,2024,C1,Noche,L05,30
1324,7,2,30,2024,C2,Noche,L03,30
1325,11,15,30,2023,C2,Tarde,A14,45
1326,11,22,30,2024,C2,Noche,L12,60
1327,15,39,30,2023,C2,Tarde,L08,35
1328,15,38,30,2024,C2,Tarde,D07,35
1329,19,32,30,2023,C1,Noche,A16,45
1330,19,13,30,2024,C1,Noche,C07,35
1331,23,29,30,2023,C1,Noche,L07,30
1332,23,36,30,2023,C2,Noche,D03,60
1333,23,5,30,2024,C1,Tarde,C19,60
1334,23,33,30,2024,C2,Noche,A19,45
1335,24,22,30,2023,C1,Noche,L04,60
1336,24,1,30,2023,C2,Tarde,L07,50
1337,24,8,30,2024,C1,Noche,D08,60
1338,24,39,30,2024,C2,Noche,L11,40
1339,25,25,30,2023,C1,Noche,D09,60
1340,25,24,30,2024,C1,Tarde,C06,45
1341,37,15,30,2023,C1,Noche,B07,40
1342,37,16,30,2024,C1,Noche,A05,50
1343,38,7,30,2023,C1,Noche,B14,30
1344,38,37,30,2024,C1,Noche,D12,35
1345,39,7,30,2023,C1,Mañana,D18,30
1346,39,32,30,2024,C2,Tarde,L20,45
1347,1,4,31,2023,C1,Noche,L03,80
1348,1,14,31,2023,C2,Tarde,D07,60
1349,1,25,31,2024,C1,Noche,A15,40
1350,1,35,31,2024,C2,Noche,D16,60
1351,2,6,31,2023,C1,Noche,L15,50
1352,2,14,31,2023,C2,Noche,A19,60
1353,2,18,31,2024,C1,Noche,A14,45
1354,2,3,31,2024,C2,Noche,C09,80
1355,3,24,31,2023,C1,Noche,A07,40
1356,3,37,31,2023,C2,Noche,A17,30
1357,3,33,31,2024,C1,Tarde,B14,35
1358,3,20,31,2024,C2,Tarde,D18,40
1359,4,1,31,2023,C1,Tarde,L03,45
1360,4,31,31,2023,C2,Mañana,A07,45
1361,4,21,31,2024,C1,Noche,C19,80
1362,4,19,31,2024,C2,Noche,C18,80
1363,6,37,31,2023,C1,Noche,C13,45
1364,6,23,31,2023,C2,Noche,C19,30
1365,6,29,31,2024,C1,Tarde,A09,40
1366,6,25,31,2024,C2,Noche,D05,35
1367,11,28,31,2023,C1,Tarde,L09,35
1368,11,23,31,2024,C2,Tarde,L15,80
1369,15,20,31,2023,C1,Tarde,L08,50
1370,15,23,31,2024,C1,Noche,C16,35
1371,15,29,31,2024,C2,Noche,D14,40
1372,33,23,31,2023,C1,Tarde,C18,40
1373,33,20,31,2023,C2,Noche,A20,45
1374,33,10,31,2024,C1,Noche,D06,30
1375,33,20,31,2024,C2,Noche,B20,80
1376,34,13,31,2023,C1,Noche,D20,45
1377,34,4,31,2023,C2,Tarde,C12,35
1378,34,10,31,2024,C1,Mañana,C20,60
1379,34,12,31,2024,C2,Noche,B09,80
1380,35,20,31,2023,C1,Tarde,B16,45
1381,35,11,31,2024,C2,Noche,D02,35
1382,36,26,31,2023,C1,Mañana,A10,50
1383,36,6,31,2024,C2,Tarde,B20,30
1384,1,24,32,2023,C1,Noche,L19,60
1385,1,26,32,2023,C2,Mañana,C18,60
1386,1,9,32,2024,C1,Noche,C07,60
1387,1,30,32,2024,C2,Tarde,A12,50
1388,2,11,32,2023,C1,Tarde,A20,60
1389,2,15,32,2023,C2,Noche,L14,80
1390,2,2,32,2024,C1,Mañana,D01,40
1391,2,35,32,2024,C2,Noche,A01,35
1392,3,39,32,2023,C1,Tarde,C05,80
1393,3,13,32,2023,C2,Noche,L16,45
1394,3,7,32,2024,C1,Mañana,B01,30
1395,3,30,32,2024,C2,Tarde,A18,35
1396,4,12,32,2023,C1,Tarde,B19,80
1397,4,15,32,2023,C2,Noche,L04,60
1398,4,1,32,2024,C1,Noche,D10,40
1399,4,18,32,2024,C2,Noche,A06,30
1400,6,28,32,2023,C1,Noche,B01,35
1401,6,22,32,2023,C2,Noche,C03,60
1402,6,24,32,2024,C1,Tarde,A03,60
1403,6,9,32,2024,C2,Noche,A01,60
1404,11,21,32,2023,C2,Mañana,D12,50
1405,11,4,32,2024,C2,Noche,C09,45
1406,26,26,32,2023,C1,Noche,C17,60
1407,26,8,32,2023,C2,Noche,D13,50
1408,26,25,32,2024,C1,Mañana,C07,30
1409,26,35,32,2024,C2,Noche,C05,60
1410,27,19,32,2023,C1,Noche,B13,35
1411,27,23,32,2023,C2,Noche,C18,45
1412,27,9,32,2024,C1,Noche,D09,30
1413,27,33,32,2024,C2,Noche,L08,40
1414,28,4,32,2023,C1,Noche,B15,30
1415,28,2,32,2024,C1,Tarde,D12,35
1416,29,2,32,2023,C1,Tarde,C03,80
1417,29,39,32,2023,C2,Noche,A04,60
1418,29,32,32,2024,C1,Tarde,A04,80
1419,29,17,32,2024,C2,Noche,L13,35
1420,30,14,32,2023,C1,Noche,B10,30
1421,30,37,32,2023,C2,Noche,L18,80
1422,30,12,32,2024,C1,Tarde,C09,40
1423,30,15,32,2024,C2,Noche,L04,80
1424,31,25,32,2023,C1,Noche,A15,30
1425,31,26,32,2023,C2,Noche,L08,45
1426,31,3,32,2024,C2,Tarde,A05,45
1427,32,11,32,2023,C1,Noche,A20,50
1428,32,36,32,2024,C2,Tarde,L01,60
1429,1,11,33,2023,C1,Noche,D01,30
1430,1,17,33,2023,C2,Mañana,A18,45
1431,1,16,33,2024,C1,Noche,D16,40
1432,1,4,33,2024,C2,Noche,C17,60
1433,2,16,33,2023,C1,Noche,A16,30
1434,2,17,33,2023,C2,Noche,D07,30
1435,2,22,33,2024,C1,Noche,C13,50
1436,2,36,33,2024,C2,Tarde,D18,35
1437,3,23,33,2023,C1,Noche,C08,45
1438,3,25,33,2023,C2,Mañana,A08,60
1439,3,32,33,2024,C1,Mañana,A13,30
1440,3,27,33,2024,C2,Noche,D11,35
1441,4,1,33,2023,C1,Noche,L18,60
1442,4,21,33,2023,C2,Mañana,L12,50
1443,4,34,33,2024,C1,Noche,L02,50
1444,4,14,33,2024,C2,Tarde,D12,35
1445,5,5,33,2023,C1,Noche,C05,35
1446,5,28,33,2023,C2,Noche,B11,60
1447,5,6,33,2024,C1,Noche,D02,80
1448,5,30,33,2024,C2,Noche,D01,30
1449,6,29,33,2023,C1,Noche,A13,45
1450,6,23,33,2023,C2,Noche,L19,50
1451,6,32,33,2024,C1,Tarde,C08,60
1452,6,16,33,2024,C2,Noche,C04,30
1453,7,28,33,2023,C1,Noche,C16,50
1454,7,29,33,2023,C2,Noche,D04,50
1455,7,16,33,2024,C1,Noche,C16,50
1456,7,14,33,2024,C2,Mañana,C16,30
1457,8,22,33,2023,C1,Tarde,L10,35
1458,8,23,33,2023,C2,Noche,L04,80
1459,8,40,33,2024,C1,Tarde,D08,60
1460,8,21,33,2024,C2,Mañana,D01,45
1461,9,16,33,2023,C1,Noche,C03,50
1462,9,8,33,2023,C2,Tarde,A13,60
1463,9,5,33,2024,C1,Noche,C10,45
1464,9,15,33,2024,C2,Noche,D16,40
1465,10,22,33,2023,C1,Mañana,D10,45
1466,10,3,33,2023,C2,Noche,B01,30
1467,10,5,33,2024,C1,Noche,A06,40
1468,10,33,33,2024,C2,Mañana,B02,60
1469,11,18,33,2023,C2,Noche,B06,50
1470,11,25,33,2024,C1,Noche,A18,80
1471,11,13,33,2024,C2,Noche,B07,30
1472,12,23,33,2023,C1,Noche,L15,60
1473,12,24,33,2023,C2,Mañana,B08,30
1474,12,33,33,2024,C2,Tarde,B02,60
1475,13,23,33,2023,C2,Mañana,D13,45
1476,13,3,33,2024,C1,Noche,D08,50
1477,14,17,33,2023,C1,Noche,C11,50
1478,14,9,33,2024,C2,Tarde,D06,80
1479,16,35,33,2023,C1,Noche,L20,45
1480,16,33,33,2024,C2,Tarde,B10,40
1481,17,19,33,2023,C2,Tarde,C04,35
1482,17,14,33,2024,C1,Noche,B07,45
1483,18,21,33,2023,C2,Tarde,C15,60
1484,18,33,33,2024,C2,Noche,B01,40
1485,19,35,33,2023,C2,Tarde,C10,50
1486,19,24,33,2024,C1,Noche,A09,35
1487,20,28,33,2023,C1,Tarde,C19,30
1488,20,6,33,2023,C2,Noche,A01,35
1489,20,10,33,2024,C1,Noche,D19,40
1490,20,29,33,2024,C2,Noche,L10,60
1491,21,10,33,2023,C1,Noche,A01,40
1492,21,23,33,2024,C1,Tarde,L10,60
1493,22,5,33,2023,C2,Noche,D18,35
1494,22,18,33,2024,C1,Tarde,B12,30
1495,23,29,33,2023,C1,Noche,A04,45
1496,23,21,33,2023,C2,Noche,L03,60
1497,23,8,33,2024,C1,Noche,L02,80
1498,23,14,33,2024,C2,Tarde,A17,50
1499,24,4,33,2023,C1,Noche,B01,40
1500,24,22,33,2023,C2,Tarde,C17,35
1501,24,27,33,2024,C1,Noche,A07,35
1502,24,40,33,2024,C2,Tarde,C12,40
1503,25,32,33,2023,C1,Noche,D03,45
1504,25,9,33,2023,C2,Tarde,A01,45
1505,25,23,33,2024,C1,Noche,B20,45
1506,37,24,33,2023,C2,Noche,B13,60
1507,37,3,33,2024,C1,Noche,D08,30
1508,38,11,33,2023,C2,Noche,C04,60
1509,38,28,33,2024,C2,Noche,B07,35
1510,39,5,33,2023,C2,Tarde,L08,40
1511,39,33,33,2024,C2,Tarde,A09,80
1512,44,13,33,2023,C2,Noche,L04,50
1513,44,25,33,2024,C1,Noche,C08,50
1514,45,36,33,2023,C1,Mañana,L09,45
1515,45,29,33,2024,C1,Noche,C05,45
1516,1,10,34,2023,C1,Noche,B18,60
1517,1,26,34,2023,C2,Noche,A05,80
1518,1,33,34,2024,C1,Noche,C06,80
1519,1,15,34,2024,C2,Noche,D16,35
1520,2,22,34,2023,C1,Noche,D03,30
1521,2,11,34,2023,C2,Noche,D09,80
1522,2,17,34,2024,C1,Tarde,L14,50
1523,2,24,34,2024,C2,Noche,B16,80
1524,3,17,34,2023,C1,Tarde,D13,30
1525,3,21,34,2023,C2,Noche,A18,30
1526,3,31,34,2024,C1,Noche,D03,40
1527,3,25,34,2024,C2,Noche,L11,30
1528,4,2,34,2023,C1,Tarde,B15,45
1529,4,27,34,2023,C2,Noche,A17,35
1530,4,26,34,2024,C1,Noche,C08,40
1531,4,23,34,2024,C2,Mañana,L04,45
1532,6,9,34,2023,C1,Noche,C05,40
1533,6,31,34,2023,C2,Noche,B19,80
1534,6,8,34,2024,C1,Noche,D19,45
1535,6,38,34,2024,C2,Tarde,B13,40
1536,11,11,34,2023,C1,Mañana,A07,40
1537,11,40,34,2024,C2,Noche,A10,80
1538,33,4,34,2023,C1,Tarde,D19,45
1539,33,37,34,2023,C2,Tarde,D06,50
1540,33,25,34,2024,C1,Noche,B09,45
1541,33,24,34,2024,C2,Noche,A08,30
1542,34,20,34,2023,C1,Tarde,A13,60
1543,34,31,34,2023,C2,Tarde,D07,30
1544,34,16,34,2024,C1,Noche,D06,45
1545,34,14,34,2024,C2,Noche,C20,30
1546,35,17,34,2023,C1,Noche,C11,40
1547,35,7,34,2024,C1,Noche,D01,35
1548,36,22,34,2023,C2,Tarde,D18,40
1549,36,1,34,2024,C1,Mañana,D04,80
1550,40,16,34,2023,C1,Tarde,B02,50
1551,40,39,34,2023,C2,Tarde,A05,35
1552,40,9,34,2024,C1,Mañana,A17,80
1553,40,31,34,2024,C2,Noche,L14,80
1554,41,2,34,2023,C1,Noche,A04,30
1555,41,26,34,2024,C2,Noche,A03,60
1556,42,37,34,2023,C1,Noche,B09,60
1557,42,26,34,2023,C2,Tarde,D05,60
1558,42,27,34,2024,C1,Noche,A03,30
1559,42,25,34,2024,C2,Noche,C20,35
1560,1,13,35,2023,C1,Tarde,C01,60
1561,1,35,35,2023,C2,Noche,A03,35
1562,1,7,35,2024,C1,Noche,D14,35
1563,1,35,35,2024,C2,Noche,B19,60
1564,2,11,35,2023,C1,Noche,D16,40
1565,2,13,35,2023,C2,Tarde,L06,30
1566,2,35,35,2024,C1,Mañana,L11,40
1567,2,20,35,2024,C2,Tarde,B01,35
1568,3,4,35,2023,C1,Noche,C01,45
1569,3,36,35,2023,C2,Noche,B10,60
1570,3,20,35,2024,C1,Noche,A07,30
1571,3,36,35,2024,C2,Noche,B18,60
1572,4,6,35,2023,C1,Mañana,C02,30
1573,4,2,35,2023,C2,Tarde,C01,40
1574,4,13,35,2024,C1,Noche,B18,40
1575,4,7,35,2024,C2,Tarde,D05,80
1576,6,33,35,2023,C1,Noche,L17,80
1577,6,22,35,2023,C2,Tarde,B20,80
1578,6,32,35,2024,C1,Noche,C18,50
1579,6,29,35,2024,C2,Mañana,D20,30
1580,11,32,35,2023,C2,Noche,D02,80
1581,11,13,35,2024,C1,Tarde,C09,60
1582,15,2,35,2023,C1,Noche,C11,45
1583,15,15,35,2024,C1,Mañana,B06,35
1584,15,15,35,2024,C2,Mañana,L16,80
1585,30,2,35,2023,C1,Tarde,C17,45
1586,30,25,35,2023,C2,Tarde,A04,30
1587,30,14,35,2024,C1,Noche,C06,60
1588,30,37,35,2024,C2,Noche,A05,50
1589,31,17,35,2023,C1,Tarde,L13,80
1590,31,20,35,2024,C2,Tarde,L13,45
1591,32,22,35,2023,C2,Noche,L16,40
1592,32,24,35,2024,C2,Tarde,C01,60
1593,33,36,35,2023,C1,Mañana,C12,45
1594,33,33,35,2023,C2,Tarde,A13,50
1595,33,16,35,2024,C1,Mañana,A11,60
1596,33,32,35,2024,C2,Tarde,D14,60
1597,34,12,35,2023,C1,Noche,D20,35
1598,34,32,35,2023,C2,Noche,C08,30
1599,34,13,35,2024,C1,Noche,B20,50
1600,34,29,35,2024,C2,Tarde,A01,40
1601,35,36,35,2023,C2,Noche,L16,80
1602,35,39,35,2024,C1,Mañana,L11,80
1603,36,16,35,2023,C1,Tarde,D01,30
1604,36,18,35,2023,C2,Tarde,D06,50
1605,36,32,35,2024,C2,Tarde,C12,35
1606,1,4,36,2023,C1,Noche,C05,50
1607,1,10,36,2023,C2,Tarde,L16,45
1608,1,37,36,2024,C1,Noche,A05,30
1609,1,9,36,2024,C2,Noche,D02,35
1610,2,13,36,2023,C1,Tarde,A11,45
1611,2,30,36,2023,C2,Tarde,A16,35
1612,2,25,36,2024,C1,Tarde,C08,45
1613,2,32,36,2024,C2,Tarde,B11,60
1614,3,15,36,2023,C1,Mañana,A20,80
1615,3,10,36,2023,C2,Noche,C18,80
1616,3,26,36,2024,C1,Noche,D16,35
1617,3,7,36,2024,C2,Noche,B19,80
1618,4,28,36,2023,C1,Noche,C13,35
1619,4,12,36,2023,C2,Noche,L01,60
1620,4,29,36,2024,C1,Tarde,B12,45
1621,4,29,36,2024,C2,Noche,D03,80
1622,6,30,36,2023,C1,Noche,B07,60
1623,6,9,36,2023,C2,Noche,A15,30
1624,6,1,36,2024,C1,Tarde,C18,80
1625,6,6,36,2024,C2,Noche,L06,80
1626,7,37,36,2023,C1,Noche,D11,45
1627,7,34,36,2023,C2,Mañana,A07,40
1628,7,22,36,2024,C1,Noche,D12,50
1629,7,1,36,2024,C2,Mañana,L13,35
1630,11,5,36,2023,C1,Mañana,A20,50
1631,11,7,36,2024,C2,Tarde,D15,50
1632,19,19,36,2023,C2,Mañana,C16,35
1633,19,2,36,2024,C1,Noche,D05,40
1634,23,33,36,2023,C1,Tarde,L06,60
1635,23,7,36,2023,C2,Noche,L04,30
1636,23,23,36,2024,C1,Noche,L20,30
1637,23,28,36,2024,C2,Noche,L04,60
1638,24,16,36,2023,C1,Noche,L14,35
1639,24,20,36,2023,C2,Tarde,L20,30
1640,24,34,36,2024,C1,Noche,B01,40
1641,24,31,36,2024,C2,Noche,L14,80
1642,25,10,36,2023,C1,Noche,B20,80
1643,25,34,36,2024,C2,Tarde,C19,40
1644,37,31,36,2023,C1,Noche,L20,35
1645,37,36,36,2024,C2,Noche,L12,50
1646,38,6,36,2023,C1,Noche,D06,50
1647,38,17,36,2024,C1,Noche,C07,45
1648,39,39,36,2023,C2,Noche,D06,30
1649,39,27,36,2024,C1,Noche,A10,30
1650,1,38,37,2023,C1,Noche,B01,60
1651,1,35,37,2023,C2,Noche,B18,40
1652,1,30,37,2024,C1,Tarde,A14,50
1653,1,35,37,2024,C2,Noche,A14,60
1654,2,29,37,2023,C1,Noche,A06,30
1655,2,2,37,2023,C2,Tarde,A19,50
1656,2,13,37,2024,C1,Noche,B09,50
1657,2,10,37,2024,C2,Mañana,A16,80
1658,3,19,37,2023,C1,Tarde,L10,80
1659,3,31,37,2023,C2,Noche,B18,40
1660,3,20,37,2024,C1,Noche,L04,45
1661,3,12,37,2024,C2,Noche,L10,30
1662,4,36,37,2023,C1,Noche,B14,35
1663,4,14,37,2023,C2,Tarde,L11,60
1664,4,29,37,2024,C1,Noche,D06,50
1665,4,29,37,2024,C2,Noche,L11,50
1666,5,4,37,2023,C1,Tarde,L08,60
1667,5,9,37,2023,C2,Tarde,B03,50
1668,5,28,37,2024,C1,Tarde,D07,80
1669,5,33,37,2024,C2,Noche,C19,45
1670,6,1,37,2023,C1,Tarde,A05,35
1671,6,5,37,2023,C2,Noche,B17,45
1672,6,16,37,2024,C1,Noche,C10,35
1673,6,6,37,2024,C2,Noche,B09,80
1674,7,13,37,2023,C1,Noche,C10,30
1675,7,33,37,2023,C2,Noche,L02,50
1676,7,8,37,2024,C1,Tarde,A10,45
1677,7,5,37,2024,C2,Tarde,A18,60
1678,8,2,37,2023,C1,Noche,D16,30
1679,8,7,37,2023,C2,Mañana,A10,45
1680,8,33,37,2024,C1,Noche,D03,50
1681,8,38,37,2024,C2,Noche,B08,45
1682,9,17,37,2023,C1,Noche,C01,60
1683,9,22,37,2023,C2,Noche,A14,30
1684,9,39,37,2024,C1,Noche,B01,80
1685,9,9,37,2024,C2,Mañana,B15,45
1686,10,25,37,2023,C1,Noche,D18,45
1687,10,8,37,2023,C2,Tarde,C10,80
1688,10,21,37,2024,C1,Tarde,C13,30
1689,10,22,37,2024,C2,Noche,A04,60
1690,11,38,37,2023,C2,Noche,A02,60
1691,11,31,37,2024,C1,Mañana,B01,80
1692,11,13,37,2024,C2,Noche,C12,50
1693,12,22,37,2023,C2,Mañana,D07,80
1694,12,12,37,2024,C2,Mañana,L03,60
1695,13,12,37,2023,C1,Noche,B20,50
1696,13,16,37,2023,C2,Noche,B06,30
1697,13,27,37,2024,C2,Tarde,D13,30
1698,14,10,37,2023,C2,Mañana,C11,35
1699,14,27,37,2024,C1,Noche,B02,30
1700,14,32,37,2024,C2,Tarde,A19,30
1701,16,2,37,2023,C1,Tarde,D09,35
1702,16,26,37,2023,C2,Tarde,C05,30
1703,16,13,37,2024,C1,Mañana,A19,35
1704,17,22,37,2023,C1,Tarde,D05,60
1705,17,27,37,2024,C2,Mañana,D06,30
1706,18,37,37,2023,C2,Tarde,L14,35
1707,18,6,37,2024,C1,Tarde,B20,60
1708,18,33,37,2024,C2,Mañana,A03,60
1709,19,37,37,2023,C2,Noche,L03,50
1710,19,29,37,2024,C2,Mañana,A18,80
1711,20,33,37,2023,C2,Noche,C18,80
1712,20,17,37,2024,C2,Mañana,A18,80
1713,21,24,37,2023,C1,Noche,D17,60
1714,21,22,37,2024,C1,Noche,C09,30
1715,22,12,37,2023,C2,Noche,D09,40
1716,22,25,37,2024,C1,Tarde,L04,35
1717,23,15,37,2023,C1,Noche,B08,60
1718,23,20,37,2023,C2,Noche,B04,35
1719,23,24,37,2024,C1,Noche,C09,40
1720,23,13,37,2024,C2,Tarde,L01,30
1721,24,5,37,2023,C1,Noche,L14,35
1722,24,18,37,2023,C2,Mañana,D05,60
1723,24,13,37,2024,C1,Noche,C04,30
1724,24,22,37,2024,C2,Noche,D07,30
1725,25,31,37,2023,C2,Noche,C16,45
1726,25,27,37,2024,C1,Noche,C01,80
1727,29,17,37,2023,C1,Tarde,C08,60
1728,29,16,37,2023,C2,Noche,D03,40
1729,29,23,37,2024,C1,Noche,D10,50
1730,29,29,37,2024,C2,Noche,A04,40
1731,37,33,37,2023,C1,Noche,L08,45
1732,37,1,37,2024,C1,Mañana,D17,40
1733,37,30,37,2024,C2,Tarde,B14,60
1734,38,24,37,2023,C1,Mañana,B09,50
1735,38,29,37,2023,C2,Noche,D12,30
1736,38,37,37,2024,C1,Noche,L18,60
1737,38,28,37,2024,C2,Noche,B10,60
1738,39,22,37,2023,C2,Tarde,C05,30
1739,39,39,37,2024,C1,Noche,B06,60
1740,44,22,37,2023,C1,Noche,B01,30
1741,44,33,37,2024,C1,Noche,L07,30
1742,45,22,37,2023,C1,Noche,L15,80
1743,45,34,37,2024,C2,Noche,D20,40
1744,1,30,38,2023,C1,Tarde,A05,80
1745,1,39,38,2023,C2,Noche,A20,40
1746,1,6,38,2024,C1,Tarde,L11,45
1747,1,6,38,2024,C2,Mañana,B06,35
1748,2,15,38,2023,C1,Noche,A06,30
1749,2,14,38,2023,C2,Noche,D16,50
1750,2,35,38,2024,C1,Noche,C15,50
1751,2,35,38,2024,C2,Noche,L11,45
1752,3,22,38,2023,C1,Noche,B08,50
1753,3,28,38,2023,C2,Noche,A15,40
1754,3,27,38,2024,C1,Noche,L09,50
1755,3,12,38,2024,C2,Mañana,A07,45
1756,4,36,38,2023,C1,Tarde,D19,80
1757,4,3,38,2023,C2,Noche,D20,30
1758,4,17,38,2024,C1,Mañana,B16,40
1759,4,40,38,2024,C2,Noche,L11,45
1760,6,29,38,2023,C1,Noche,C06,40
1761,6,17,38,2023,C2,Noche,A03,45
1762,6,34,38,2024,C1,Noche,A12,80
1763,6,21,38,2024,C2,Noche,D01,50
1764,7,20,38,2023,C1,Tarde,D19,45
1765,7,33,38,2023,C2,Noche,L06,40
1766,7,29,38,2024,C1,Noche,D13,80
1767,7,13,38,2024,C2,Noche,C15,45
1768,11,33,38,2023,C1,Mañana,B15,35
1769,11,18,38,2024,C1,Noche,A20,35
1770,15,6,38,2023,C1,Noche,D15,50
1771,15,9,38,2024,C1,Mañana,B09,45
1772,15,33,38,2024,C2,Noche,L15,30
1773,19,7,38,2023,C1,Tarde,A16,35
1774,19,5,38,2024,C1,Mañana,L03,80
1775,19,16,38,2024,C2,Noche,A01,80
1776,23,19,38,2023,C1,Noche,C11,60
1777,23,36,38,2023,C2,Noche,D16,50
1778,23,9,38,2024,C1,Noche,B09,35
1779,23,10,38,2024,C2,Noche,A02,50
1780,24,20,38,2023,C1,Mañana,D07,80
1781,24,1,38,2023,C2,Noche,A10,30
1782,24,36,38,2024,C1,Noche,L05,50
1783,24,31,38,2024,C2,Mañana,L08,45
1784,25,3,38,2023,C2,Noche,L09,80
1785,25,1,38,2024,C1,Noche,B02,30
1786,25,7,38,2024,C2,Mañana,C16,60
1787,29,12,38,2023,C1,Tarde,D18,50
1788,29,33,38,2023,C2,Noche,D05,30
1789,29,11,38,2024,C1,Mañana,B07,30
1790,29,14,38,2024,C2,Tarde,L12,40
1791,37,9,38,2023,C1,Tarde,A20,50
1792,37,33,38,2024,C1,Tarde,A18,40
1793,38,1,38,2023,C2,Noche,C16,35
1794,38,39,38,2024,C1,Tarde,L08,35
1795,39,34,38,2023,C1,Noche,C11,35
1796,39,31,38,2024,C1,Noche,L16,45
1797,1,2,39,2023,C1,Noche,D11,40
1798,1,20,39,2023,C2,Noche,L04,35
1799,1,14,39,2024,C1,Noche,B02,80
1800,1,35,39,2024,C2,Noche,A02,35
1801,2,15,39,2023,C1,Noche,L05,30
1802,2,5,39,2023,C2,Tarde,A05,60
1803,2,8,39,2024,C1,Tarde,B17,40
1804,2,29,39,2024,C2,Mañana,L11,80
1805,3,30,39,2023,C1,Noche,L15,40
1806,3,18,39,2023,C2,Noche,B10,80
1807,3,27,39,2024,C1,Tarde,B06,50
1808,3,31,39,2024,C2,Mañana,D04,45
1809,4,5,39,2023,C1,Mañana,D12,60
1810,4,26,39,2023,C2,Tarde,A02,35
1811,4,7,39,2024,C1,Noche,L16,50
1812,4,18,39,2024,C2,Mañana,B05,80
1813,6,10,39,2023,C1,Mañana,B15,35
1814,6,31,39,2023,C2,Tarde,A01,50
1815,6,8,39,2024,C1,Noche,D09,80
1816,6,20,39,2024,C2,Mañana,D02,50
1817,7,2,39,2023,C1,Tarde,A15,30
1818,7,40,39,2023,C2,Noche,B18,40
1819,7,21,39,2024,C1,Noche,B05,35
1820,7,39,39,2024,C2,Tarde,A04,45
1821,11,37,39,2023,C1,Noche,A09,50
1822,11,38,39,2023,C2,Noche,C07,40
1823,11,32,39,2024,C1,Noche,D15,35
1824,23,3,39,2023,C1,Noche,B03,50
1825,23,5,39,2023,C2,Mañana,D11,45
1826,23,2,39,2024,C1,Tarde,B07,40
1827,23,34,39,2024,C2,Tarde,D12,40
1828,24,7,39,2023,C1,Tarde,D12,35
1829,24,35,39,2023,C2,Mañana,A11,50
1830,24,27,39,2024,C1,Noche,A12,80
1831,24,9,39,2024,C2,Noche,L10,80
1832,25,10,39,2023,C1,Noche,D05,60
1833,25,12,39,2024,C1,Noche,C07,40
1834,26,12,39,2023,C1,Noche,C09,60
1835,26,2,39,2023,C2,Noche,L03,35
1836,26,34,39,2024,C1,Mañana,L12,40
1837,26,17,39,2024,C2,Noche,B18,45
1838,27,6,39,2023,C1,Noche,L04,45
1839,27,21,39,2023,C2,Noche,L17,35
1840,27,8,39,2024,C1,Mañana,C04,45
1841,27,36,39,2024,C2,Mañana,L16,35
1842,28,4,39,2023,C1,Tarde,A18,45
1843,28,14,39,2024,C1,Noche,A16,80
1844,37,40,39,2023,C2,Noche,A06,35
1845,37,29,39,2024,C1,Tarde,B11,45
1846,38,27,39,2023,C1,Tarde,B09,80
1847,38,36,39,2024,C2,Noche,C13,60
1848,39,13,39,2023,C1,Noche,A03,30
1849,39,27,39,2023,C2,Noche,A08,60
1850,39,10,39,2024,C1,Noche,C10,40
1851,39,15,39,2024,C2,Tarde,D04,30
1852,1,34,40,2023,C1,Noche,B09,35
1853,1,4,40,2023,C2,Mañana,B06,45
1854,1,26,40,2024,C1,Noche,B05,80
1855,1,17,40,2024,C2,Tarde,L03,80
1856,2,21,40,2023,C1,Noche,L10,35
1857,2,20,40,2023,C2,Tarde,D02,50
1858,2,33,40,2024,C1,Mañana,D10,80
1859,2,28,40,2024,C2,Tarde,B12,45
1860,3,18,40,2023,C1,Tarde,B16,60
1861,3,15,40,2023,C2,Mañana,A01,45
1862,3,15,40,2024,C1,Noche,D05,35
1863,3,3,40,2024,C2,Noche,D20,45
1864,4,37,40,2023,C1,Noche,B12,35
1865,4,4,40,2023,C2,Tarde,B17,60
1866,4,35,40,2024,C1,Noche,A15,30
1867,4,38,40,2024,C2,Tarde,A15,50
1868,5,27,40,2023,C1,Noche,L15,30
1869,5,13,40,2023,C2,Mañana,D02,35
1870,5,11,40,2024,C1,Noche,B15,30
1871,5,37,40,2024,C2,Noche,C15,60
1872,6,8,40,2023,C1,Noche,D08,30
1873,6,24,40,2023,C2,Noche,A15,45
1874,6,5,40,2024,C1,Tarde,A01,60
1875,6,21,40,2024,C2,Noche,L20,80
1876,7,19,40,2023,C1,Noche,L18,50
1877,7,36,40,2023,C2,Noche,L07,30
1878,7,5,40,2024,C1,Noche,A05,35
1879,7,3,40,2024,C2,Noche,A14,30
1880,8,23,40,2023,C1,Noche,C16,40
1881,8,3,40,2023,C2,Noche,L10,30
1882,8,19,40,2024,C1,Noche,D07,35
1883,8,39,40,2024,C2,Mañana,B12,40
1884,9,5,40,2023,C1,Noche,C20,80
1885,9,7,40,2023,C2,Noche,C19,30
1886,9,16,40,2024,C1,Noche,B16,30
1887,9,23,40,2024,C2,Tarde,L04,30
1888,10,38,40,2023,C1,Mañana,B20,80
1889,10,9,40,2023,C2,Noche,L05,45
1890,10,6,40,2024,C1,Tarde,C20,80
1891,10,25,40,2024,C2,Tarde,B17,80
1892,11,14,40,2023,C1,Tarde,D01,40
1893,11,1,40,2024,C1,Noche,B01,50
1894,11,33,40,2024,C2,Noche,C11,30
1895,12,29,40,2023,C2,Tarde,A11,40
1896,12,23,40,2024,C2,Noche,C19,35
1897,13,8,40,2023,C1,Noche,B17,30
1898,13,14,40,2024,C1,Noche,L11,60
1899,14,35,40,2023,C1,Noche,D05,30
1900,14,18,40,2024,C1,Tarde,D19,40
1901,16,11,40,2023,C1,Tarde,A14,50
1902,16,10,40,2023,C2,Noche,L17,30
1903,16,16,40,2024,C1,Noche,L19,40
1904,16,11,40,2024,C2,Tarde,C09,60
1905,17,32,40,2023,C2,Tarde,L10,80
1906,17,25,40,2024,C2,Noche,L07,30
1907,18,35,40,2023,C1,Noche,L03,45
1908,18,39,40,2024,C2,Noche,D01,45
1909,19,13,40,2023,C2,Mañana,D19,60
1910,19,32,40,2024,C1,Noche,B09,50
1911,19,9,40,2024,C2,Noche,L17,30
1912,20,25,40,2023,C2,Noche,L10,60
1913,20,9,40,2024,C1,Tarde,D08,80
1914,21,1,40,2023,C2,Tarde,D09,40
1915,21,18,40,2024,C2,Noche,D07,35
1916,22,28,40,2023,C1,Noche,C17,40
1917,22,18,40,2024,C1,Noche,D05,60
1918,23,33,40,2023,C1,Tarde,A07,45
1919,23,30,40,2023,C2,Noche,B05,30
1920,23,5,40,2024,C1,Tarde,L08,80
1921,23,20,40,2024,C2,Tarde,D18,30
1922,24,7,40,2023,C1,Noche,C04,40
1923,24,37,40,2023,C2,Tarde,A04,30
1924,24,32,40,2024,C1,Noche,A02,80
1925,24,3,40,2024,C2,Noche,B18,50
1926,25,39,40,2023,C1,Noche,L08,40
1927,25,39,40,2024,C2,Noche,D14,45
1928,37,24,40,2023,C2,Tarde,B20,35
1929,37,26,40,2024,C2,Tarde,D10,50
1930,38,31,40,2023,C1,Tarde,L13,50
1931,38,19,40,2023,C2,Tarde,C15,40
1932,38,21,40,2024,C1,Noche,B02,45
1933,38,21,40,2024,C2,Noche,D02,60
1934,39,25,40,2023,C1,Mañana,D17,45
1935,39,9,40,2024,C1,Mañana,D01,35
1936,39,15,40,2024,C2,Tarde,L10,50
1937,44,36,40,2023,C1,Noche,A16,35
1938,44,3,40,2024,C2,Tarde,C14,30
1939,45,4,40,2023,C1,Noche,C13,80
1940,45,28,40,2024,C2,Tarde,B14,60
1941,1,2,41,2023,C1,Noche,D03,50
1942,1,36,41,2023,C2,Noche,B04,45
1943,1,12,41,2024,C1,Noche,C20,40
1944,1,17,41,2024,C2,Tarde,C06,80
1945,2,12,41,2023,C1,Noche,D04,30
1946,2,14,41,2023,C2,Noche,C10,30
1947,2,18,41,2024,C1,Noche,D18,80
1948,2,16,41,2024,C2,Tarde,D18,80
1949,3,6,41,2023,C1,Tarde,D03,80
1950,3,24,41,2023,C2,Tarde,C04,45
1951,3,17,41,2024,C1,Noche,L09,60
1952,3,31,41,2024,C2,Noche,L04,45
1953,4,30,41,2023,C1,Tarde,B11,40
1954,4,30,41,2023,C2,Noche,C20,35
1955,4,6,41,2024,C1,Mañana,L07,30
1956,4,14,41,2024,C2,Noche,D04,50
1957,6,26,41,2023,C1,Mañana,L06,45
1958,6,3,41,2023,C2,Tarde,C03,80
1959,6,29,41,2024,C1,Noche,B05,60
1960,6,5,41,2024,C2,Tarde,A17,50
1961,7,2,41,2023,C1,Noche,L07,80
1962,7,28,41,2023,C2,Mañana,A06,80
1963,7,25,41,2024,C1,Noche,D10,30
1964,7,35,41,2024,C2,Noche,D17,35
1965,11,26,41,2023,C2,Noche,L17,60
1966,11,35,41,2024,C1,Noche,A02,35
1967,11,17,41,2024,C2,Mañana,L15,40
1968,19,31,41,2023,C1,Noche,A13,80
1969,19,12,41,2023,C2,Noche,D04,60
1970,19,14,41,2024,C2,Noche,D09,35
1971,23,23,41,2023,C1,Noche,C12,35
1972,23,35,41,2023,C2,Tarde,B10,45
1973,23,11,41,2024,C1,Noche,A19,60
1974,23,13,41,2024,C2,Tarde,D08,80
1975,24,7,41,2023,C1,Tarde,D13,35
1976,24,35,41,2023,C2,Mañana,B17,80
1977,24,37,41,2024,C1,Noche,A19,40
1978,24,30,41,2024,C2,Noche,C13,40
1979,25,1,41,2023,C1,Mañana,C07,80
1980,25,6,41,2024,C1,Noche,B16,35
1981,25,40,41,2024,C2,Noche,B19,45
1982,37,33,41,2023,C2,Noche,A16,50
1983,37,2,41,2024,C1,Tarde,D03,45
1984,37,14,41,2024,C2,Tarde,A08,30
1985,38,22,41,2023,C1,Mañana,D06,60
1986,38,1,41,2023,C2,Noche,C16,60
1987,38,24,41,2024,C1,Noche,L20,30
1988,38,33,41,2024,C2,Noche,A10,35
1989,39,38,41,2023,C2,Tarde,C19,30
1990,39,5,41,2024,C1,Tarde,L12,60
1991,1,15,42,2023,C1,Noche,L01,35
1992,1,37,42,2023,C2,Noche,A12,50
1993,1,12,42,2024,C1,Noche,D03,40
1994,1,27,42,2024,C2,Tarde,B11,40
1995,2,38,42,2023,C1,Noche,C17,45
1996,2,18,42,2023,C2,Noche,A17,45
1997,2,27,42,2024,C1,Noche,A05,30
1998,2,24,42,2024,C2,Noche,C07,80
1999,3,6,42,2023,C1,Noche,B05,45
2000,3,20,42,2023,C2,Noche,D09,30
2001,3,3,42,2024,C1,Mañana,C14,35
2002,3,33,42,2024,C2,Noche,L08,30
2003,4,2,42,2023,C1,Noche,D12,35
2004,4,39,42,2023,C2,Noche,A05,45
2005,4,1,42,2024,C1,Tarde,A15,35
2006,4,29,42,2024,C2,Noche,C13,35
2007,6,12,42,2023,C1,Tarde,B10,60
2008,6,34,42,2023,C2,Noche,L14,40
2009,6,22,42,2024,C1,Tarde,C01,60
2010,6,9,42,2024,C2,Noche,L05,40
2011,7,33,42,2023,C1,Tarde,A18,60
2012,7,17,42,2023,C2,Tarde,A13,80
2013,7,1,42,2024,C1,Tarde,D06,30
2014,7,32,42,2024,C2,Noche,A09,80
2015,11,25,42,2023,C2,Noche,L11,60
2016,11,27,42,2024,C1,Noche,B08,45
2017,15,37,42,2023,C2,Tarde,L08,50
2018,15,22,42,2024,C2,Mañana,D18,35
2019,33,40,42,2023,C1,Tarde,B17,60
2020,33,1,42,2023,C2,Tarde,B02,45
2021,33,13,42,2024,C1,Mañana,D15,30
2022,33,3,42,2024,C2,Noche,B16,30
2023,34,36,42,2023,C1,Tarde,C01,35
2024,34,23,42,2023,C2,Noche,D07,50
2025,34,19,42,2024,C1,Noche,B19,30
2026,34,40,42,2024,C2,Noche,B15,50
2027,35,19,42,2023,C2,Mañana,C02,35
2028,35,1,42,2024,C2,Noche,C15,45
2029,36,9,42,2023,C1,Noche,L14,30
2030,36,17,42,2023,C2,Noche,B10,50
2031,36,26,42,2024,C1,Noche,C17,40
2032,43,22,43,2023,C1,Tarde,L11,50
2033,43,23,43,2023,C2,Noche,L19,80
2034,43,12,43,2024,C1,Noche,C11,40
2035,43,36,43,2024,C2,Noche,B07,80
2036,5,13,44,2023,C1,Tarde,A17,35
2037,5,16,44,2023,C2,Noche,B08,30
2038,5,11,44,2024,C1,Noche,L05,45
2039,5,37,44,2024,C2,Noche,C05,45
2040,8,9,44,2023,C1,Noche,D11,50
2041,8,12,44,2023,C2,Noche,C16,35
2042,8,36,44,2024,C1,Tarde,L08,60
2043,8,28,44,2024,C2,Noche,B04,30
2044,9,20,44,2023,C1,Noche,D19,45
2045,9,26,44,2023,C2,Mañana,C07,80
2046,9,24,44,2024,C1,Noche,D14,40
2047,9,21,44,2024,C2,Tarde,A16,80
2048,10,16,44,2023,C1,Tarde,L19,35
2049,10,2,44,2023,C2,Noche,L10,50
2050,10,16,44,2024,C1,Noche,C11,40
2051,10,30,44,2024,C2,Tarde,L11,80
2052,12,28,44,2023,C2,Noche,C19,60
2053,12,36,44,2024,C2,Tarde,A16,80
2054,13,2,44,2023,C1,Tarde,D08,60
2055,13,21,44,2024,C2,Noche,D01,40
2056,14,27,44,2023,C2,Tarde,D03,60
2057,14,7,44,2024,C1,Tarde,A11,45
2058,16,2,44,2023,C1,Noche,B07,35
2059,16,28,44,2023,C2,Tarde,L01,45
2060,16,34,44,2024,C1,Noche,A05,35
2061,17,18,44,2023,C1,Mañana,A10,50
2062,17,37,44,2024,C2,Noche,C13,45
2063,18,2,44,2023,C1,Noche,C05,50
2064,18,2,44,2024,C1,Mañana,D04,40
2065,18,22,44,2024,C2,Mañana,L16,60
2066,19,6,44,2023,C1,Tarde,D15,40
2067,19,20,44,2024,C1,Noche,L02,35
2068,20,36,44,2023,C1,Mañana,A06,60
2069,20,29,44,2024,C1,Noche,B15,80
2070,21,30,44,2023,C2,Tarde,B18,35
2071,21,32,44,2024,C2,Noche,C18,60
2072,22,24,44,2023,C2,Noche,C15,35
2073,22,8,44,2024,C1,Noche,C11,35
2074,43,2,44,2023,C1,Tarde,B20,35
2075,43,8,44,2023,C2,Noche,C03,50
2076,43,33,44,2024,C1,Tarde,L16,35
2077,43,32,44,2024,C2,Tarde,C10,40
2078,44,27,44,2023,C1,Noche,C17,30
2079,44,16,44,2023,C2,Noche,C03,30
2080,44,19,44,2024,C1,Noche,C02,30
2081,45,22,44,2023,C1,Noche,L20,60
2082,45,10,44,2024,C1,Noche,D01,30
2083,5,17,45,2023,C1,Noche,D09,45
2084,5,30,45,2023,C2,Noche,C13,35
2085,5,32,45,2024,C1,Noche,A04,45
2086,5,23,45,2024,C2,Tarde,A17,30
2087,8,6,45,2023,C1,Tarde,A02,60
2088,8,7,45,2023,C2,Noche,B17,60
2089,8,31,45,2024,C1,Noche,D20,50
2090,8,4,45,2024,C2,Mañana,D03,50
2091,9,31,45,2023,C1,Tarde,L18,40
2092,9,27,45,2023,C2,Noche,C01,50
2093,9,12,45,2024,C1,Noche,D01,40
2094,9,29,45,2024,C2,Noche,D11,80
2095,10,29,45,2023,C1,Noche,D05,45
2096,10,14,45,2023,C2,Mañana,D18,60
2097,10,2,45,2024,C1,Noche,B06,45
2098,10,20,45,2024,C2,Noche,A09,35
2099,12,23,45,2023,C1,Tarde,C20,30
2100,12,20,45,2024,C2,Noche,A14,30
2101,13,12,45,2023,C2,Noche,B19,60
2102,13,37,45,2024,C1,Noche,L20,60
2103,14,38,45,2023,C2,Tarde,B12,50
2104,14,3,45,2024,C2,Noche,D02,80
2105,16,19,45,2023,C1,Noche,C09,50
2106,16,14,45,2024,C1,Noche,D02,45
2107,16,22,45,2024,C2,Tarde,D06,40
2108,17,26,45,2023,C1,Noche,B15,50
2109,17,14,45,2024,C1,Tarde,L05,35
2110,18,14,45,2023,C2,Mañana,B02,80
2111,18,8,45,2024,C1,Tarde,D12,45
2112,18,24,45,2024,C2,Noche,A16,45
2113,19,15,45,2023,C2,Noche,L01,30
2114,19,32,45,2024,C2,Tarde,B13,40
2115,20,21,45,2023,C2,Noche,A11,40
2116,20,20,45,2024,C1,Noche,B04,35
2117,21,7,45,2023,C1,Noche,C15,60
2118,21,28,45,2024,C2,Mañana,L15,45
2119,22,17,45,2023,C2,Tarde,D20,50
2120,22,20,45,2024,C1,Noche,C19,50
2121,43,39,45,2023,C1,Noche,D16,40
2122,43,29,45,2023,C2,Tarde,L12,50
2123,43,6,45,2024,C1,Tarde,B06,30
2124,43,23,45,2024,C2,Noche,A14,40
2125,44,9,45,2023,C1,Tarde,B19,40
2126,44,30,45,2024,C1,Mañana,A01,45
2127,45,9,45,2023,C1,Noche,L05,80
2128,45,8,45,2024,C2,Noche,B08,50
2129,5,1,47,2023,C1,Tarde,C07,80
2130,5,16,47,2023,C2,Noche,C16,50
2131,5,40,47,2024,C1,Noche,A07,50
2132,5,25,47,2024,C2,Tarde,C05,60
2133,8,2,47,2023,C1,Tarde,C07,40
2134,8,14,47,2023,C2,Mañana,A18,50
2135,8,20,47,2024,C1,Noche,L11,45
2136,8,17,47,2024,C2,Noche,D20,60
2137,9,3,47,2023,C1,Noche,C18,45
2138,9,24,47,2023,C2,Tarde,D04,40
2139,9,13,47,2024,C1,Mañana,D07,50
2140,9,7,47,2024,C2,Noche,D01,50
2141,10,10,47,2023,C1,Noche,A16,40
2142,10,13,47,2023,C2,Noche,A12,40
2143,10,38,47,2024,C1,Noche,D07,60
2144,10,38,47,2024,C2,Mañana,L01,35
2145,12,29,47,2023,C1,Noche,L11,40
2146,12,25,47,2023,C2,Mañana,C20,50
2147,12,30,47,2024,C1,Noche,C01,60
2148,13,19,47,2023,C1,Noche,L10,50
2149,13,38,47,2023,C2,Noche,A10,80
2150,13,11,47,2024,C2,Noche,C12,50
2151,14,13,47,2023,C2,Tarde,C11,60
2152,14,32,47,2024,C2,Noche,C02,60
2153,16,24,47,2023,C1,Noche,D03,60
2154,16,12,47,2023,C2,Noche,L12,40
2155,16,11,47,2024,C1,Noche,L20,80
2156,16,29,47,2024,C2,Noche,B06,45
2157,17,37,47,2023,C2,Noche,D08,45
2158,17,17,47,2024,C2,Noche,D07,50
2159,18,39,47,2023,C1,Tarde,A16,80
2160,18,27,47,2024,C1,Tarde,A06,50
2161,19,8,47,2023,C2,Tarde,B15,80
2162,19,14,47,2024,C1,Noche,D20,80
2163,19,40,47,2024,C2,Tarde,D07,60
2164,20,35,47,2023,C1,Tarde,C04,45
2165,20,33,47,2023,C2,Mañana,C03,30
2166,20,30,47,2024,C2,Noche,C12,50
2167,21,4,47,2023,C1,Noche,A09,30
2168,21,26,47,2023,C2,Noche,B07,40
2169,21,15,47,2024,C1,Noche,D05,30
2170,22,13,47,2023,C1,Tarde,A04,40
2171,22,33,47,2024,C1,Noche,C17,45
2172,44,28,47,2023,C1,Mañana,D16,60
2173,44,21,47,2023,C2,Noche,L12,80
2174,44,34,47,2024,C2,Noche,D09,80
2175,45,39,47,2023,C1,Mañana,A16,80
2176,45,27,47,2023,C2,Noche,D02,50
2177,45,24,47,2024,C1,Noche,A12,45
2178,45,31,47,2024,C2,Noche,A15,35
2179,19,2,48,2023,C2,Tarde,A19,45
2180,19,27,48,2024,C1,Noche,L02,50
2181,23,28,48,2023,C1,Tarde,D03,60
2182,23,32,48,2023,C2,Mañana,C04,60
2183,23,30,48,2024,C1,Noche,A08,40
2184,23,18,48,2024,C2,Mañana,L08,50
2185,24,32,48,2023,C1,Tarde,D17,45
2186,24,13,48,2023,C2,Noche,B19,35
2187,24,36,48,2024,C1,Tarde,A14,45
2188,24,24,48,2024,C2,Noche,D13,80
2189,25,37,48,2023,C2,Noche,A03,40
2190,25,33,48,2024,C1,Noche,D01,30
2191,25,16,48,2024,C2,Tarde,D11,35
2192,37,19,48,2023,C2,Tarde,C12,40
2193,37,13,48,2024,C1,Noche,C16,35
2194,38,9,48,2023,C2,Noche,A08,60
2195,38,26,48,2024,C2,Tarde,D01,80
2196,39,28,48,2023,C2,Mañana,L11,30
2197,39,32,48,2024,C2,Mañana,C12,35
2198,5,10,49,2023,C1,Noche,D13,40
2199,5,9,49,2023,C2,Noche,B20,50
2200,5,23,49,2024,C1,Mañana,B04,80
2201,5,36,49,2024,C2,Mañana,D05,45
2202,8,4,49,2023,C1,Noche,D04,60
2203,8,21,49,2023,C2,Tarde,A19,40
2204,8,7,49,2024,C1,Tarde,B06,60
2205,8,40,49,2024,C2,Noche,C04,45
2206,9,17,49,2023,C1,Noche,D07,35
2207,9,18,49,2023,C2,Noche,L18,30
2208,9,31,49,2024,C1,Tarde,B10,35
2209,9,9,49,2024,C2,Noche,A09,60
2210,10,8,49,2023,C1,Mañana,C09,50
2211,10,8,49,2023,C2,Noche,L16,45
2212,10,34,49,2024,C1,Mañana,D12,45
2213,10,25,49,2024,C2,Noche,L18,60
2214,12,18,49,2023,C2,Noche,C04,40
2215,12,6,49,2024,C1,Noche,C11,50
2216,13,36,49,2023,C1,Tarde,B01,40
2217,13,37,49,2023,C2,Noche,A02,45
2218,13,4,49,2024,C1,Tarde,A04,50
2219,14,12,49,2023,C1,Noche,C12,40
2220,14,17,49,2024,C2,Noche,L17,60
2221,16,13,49,2023,C1,Noche,D11,80
2222,16,2,49,2024,C2,Noche,D15,45
2223,17,3,49,2023,C1,Tarde,D16,35
2224,17,24,49,2024,C2,Noche,A10,80
2225,18,8,49,2023,C1,Noche,B15,50
2226,18,26,49,2024,C1,Noche,C18,40
2227,19,17,49,2023,C1,Noche,A16,80
2228,19,18,49,2023,C2,Tarde,C20,40
2229,19,38,49,2024,C1,Tarde,L10,40
2230,19,9,49,2024,C2,Noche,A14,40
2231,20,39,49,2023,C2,Noche,A14,60
2232,20,24,49,2024,C1,Mañana,B10,40
2233,21,15,49,2023,C1,Tarde,D09,40
2234,21,18,49,2024,C1,Mañana,B05,45
2235,21,11,49,2024,C2,Noche,A18,80
2236,22,16,49,2023,C2,Noche,B11,80
2237,22,1,49,2024,C1,Noche,A04,35
2238,44,13,49,2023,C2,Mañana,D02,40
2239,44,2,49,2024,C1,Noche,L10,50
2240,45,40,49,2023,C1,Tarde,C20,45
2241,45,35,49,2024,C1,Noche,B03,45
2242,19,29,50,2023,C2,Noche,C12,40
2243,19,19,50,2024,C1,Mañana,B10,45
2244,19,10,50,2024,C2,Noche,B03,80
2245,23,38,50,2023,C1,Tarde,C04,35
2246,23,17,50,2023,C2,Noche,L10,60
2247,23,34,50,2024,C1,Mañana,L20,30
2248,23,35,50,2024,C2,Noche,C15,60
2249,24,19,50,2023,C1,Noche,A03,40
2250,24,19,50,2023,C2,Tarde,A16,80
2251,24,15,50,2024,C1,Tarde,L14,45
2252,24,30,50,2024,C2,Noche,B04,80
2253,25,3,50,2023,C1,Mañana,B15,40
2254,25,25,50,2024,C1,Noche,B02,60
2255,37,17,50,2023,C2,Tarde,A03,35
2256,37,29,50,2024,C1,Tarde,B15,30
2257,38,20,50,2023,C2,Tarde,D05,80
2258,38,39,50,2024,C1,Mañana,C16,60
2259,38,6,50,2024,C2,Noche,A11,80
2260,39,25,50,2023,C2,Tarde,C04,60
2261,39,6,50,2024,C1,Tarde,B12,30
